source_platform,keyword,product_title,product_url,offer_id,price,min_order_quantity,sales_text,shop_name,shop_url,location,image_url,collected_at,capture_status,capture_note
1688,商用娃娃机,商场投放娃娃机大型夹公仔投币抓娃娃机器游戏厅电玩城礼品机商用,http://detail.m.1688.com/page/index.html?offerId=730871800232&sortType=&pageId=&abBizDataType=cbuOffer&hotSaleSkuId=6043010039971&trace_log=normal&uuid=d612c145d077488887867df9e887cab6,730871800232,2880,,50+件,广州艾玩智能科技有限公司,http://aiwan8.1688.com,,https://cbu01.alicdn.com/img/ibank/O1CN01TKR3bt1xBXsPZn8OR_!!4012546405-0-cib.jpg_460x460q100.jpg_.webp,2026-08-11 10:34:36,success,
1688,商用娃娃机,单人新款精品娃娃机夹抓公仔机家用内丢儿童台湾小型投币迷你商用,http://detail.m.1688.com/page/index.html?offerId=847665763213&sortType=&pageId=&abBizDataType=cbuOffer&hotSaleSkuId=6027964528566&trace_log=normal&uuid=d612c145d077488887867df9e887cab6,847665763213,469,,全网1800+件,广州鼎兴动漫科技有限公司,http://dxdmkj.1688.com,,https://cbu01.alicdn.com/img/ibank/O1CN01Ne6AhT2GEGu26aGpu_!!3474728983-0-cib.jpg_460x460q100.jpg_.webp,2026-08-11 10:34:36,success,
1688,商用娃娃机,游乐场同款全透明抓娃娃机大型商用抓零食机夹公仔机扫码抓盲盒机,http://detail.m.1688.com/page/index.html?offerId=797417820739&sortType=&pageId=&abBizDataType=cbuOffer&hotSaleSkuId=5924962652194&trace_log=normal&uuid=d612c145d077488887867df9e887cab6,797417820739,200,,全网10+件,广州鑫和动漫科技有限公司,http://renhedongman.1688.com,,https://cbu01.alicdn.com/img/ibank/O1CN01aajHoG1U3BkjsUPYM_!!2993652461-0-cib.jpg_460x460q100.jpg_.webp,2026-08-11 10:34:36,success,
1688,商用娃娃机,商用抓娃娃机大型投币夹公仔机自助扫码四人精品机零食机源头厂家,https://dj.1688.com/ci_bb?a=6543&e=JoOie7e7fhDO11ipBov-5f4raLNE0LvuG3JC1cHmM2pTFwDEhv7guof1990t2Zj.Mn.M9BA.bL2ihJRAiCrRwiIzQwz8RaO.ss0mNg9fwj0JHgdj0lAAAYNNMKV38BjR0P0Jm4Qwp.6b1H0O1EqCiHG2bUHT7FRtVWZ.t4lSESp4VdGhVudANRdlxLEiE0iXFfvouK4DUQo9WmKwSzD9uV71jvHMy8gl9WEIfonwkfTKPYQYkpL-BOuPuZvj1qG42FIF4yGQSE91JArtp1rcKjTbnCIg8OswczemM2bkCrOluwBcvZ1l6R4u.KojYxmErFfQDd4IrNxTyrLGpNlE7oMNu57dRlVDk-.tcaaSPBJwXWEc49uqT3mdI1GVePPoUxCZ-K3UdesTn4KgpwzoC2K4PQy1pkOxPr3eHLfNtVYrRmAj6kmhM3Eq1VGieqen9vA7GOrAmwXG5TqwawGy29MDvCamRNAUPRB2ckPSmx7z6hkan4FtQnOsG2RwOoE1LiB.Su03415uhZJdUND9g7nn--sVuY8PJix4-oFQrbyfwiu5L8WNBL2X6OVhXAGtaE1y2ZUk53mf1WmYTNokAf8i26RP-8tmuHp3v0JlhAnYA942UfQA7tJgCzQ0ZOW9bD8Lto06GQQFqqO1ejTO6TF9zrRZ0bmjxAQUypnETDD5tHy8KimwbMFobpJ1QA27IK9HXspCMMiIo3l07B01Xe3-UfOydSOL1nuitBAWNJKYzjPIaIzN7UPLVXXp3htbkQMXaJzK94MiEV-iYAPWOVPR5ubLzCtA99.E9avtLM6VjGFJvZ1Fag.5KBKeu01ojMoMHuWEKAkqKGGb7gfrdHESXWlscwYhZOb1cuEqqIxyNjCMmX0iGH3iGhYcUyCb9mzPBXP5Z9qOLjY3c6XGlbe2RwJ4sy8fQ7HSeL0HAGGdo65CzaB1zChGtFTyBwY5mD-Fqrilng2LYqBRDgicqV3ycJtQrMIaxe.r.ykppKJU6Zezz174IP5cl.SWRGxwmmVabtfhmDp.msBywnziWMaTb.0Ys9IatBdaBXZ1LKfcQ.Yf7mTc7MmuNDot9y0pP5nluAEZA7w.VMIO3Xwv4kepuexTVQEI3q1xU-jfnbT9sz3h.ERJ-EiJM8EbOrHjzWOKk9wTLilSH1johJtd7MvMsUnKH.lj3vc7FZ5tn.Jvvkn1nd5s2GcvgKAA9TvLFAU2F0Vx14bFM4vC1cZGY.-MRbWrlKdZ8.ImQHJoFTW8xhNBlfT3FKrKiKZNWaOQDRxeKh4JXoDfyUFmuedSdEKnPqDjq.jNKe3wK4-FlhYO9mcvhxQIOEIv52Iln4Z-qPEUCu-ZZaTCm4xjqYkYrKHEFS9XYzWNjp1Uzhq97uBZLqjP1PVy3nkL3NwiW5LVE5UmSheTkPwfexvJjNVcJaA.hnNNU8f-qBYh5jZjqNUPObKzzSdE.8hUeTMymx3hk6.2jgv8lv3IwllsvEoqunzmpmo5KNzU23pb9QI7NjFmrO1qLskLfQR4WtIQteUl-O4aMOoz0Z33rdjjpQgKidmBfzmaAk3jMRIDY4.P1UMpPl.LSdpyIihits4KhUn21stWuyRKTmzLouZIiez3omprG2rtZ2FHHOw-CdHse6BIqwV2tY82JFYvf5oNNJWpa0ohwH2Ixysv1dWbqVv4waa8O.CwRkL4aIX767E92dL4AxeCsWdKk30MH8KKxRshGWcl4-.7tFs9EzpJl3vYPs7DJtpG5ugvIJ2EIMQmvfg4EpRbSw8W4ktJVyuxqheSxwCt0R8ouWDFdaMKldel1OIGbOz285cvw40vOASHRZTQhy6SIrAumc.GUkSiSVnyKcvKd0ogENBgySrn92BLaLiJXIar.SdIDVpmJRZ1Tq2z7o82QzW4L1th0sj2vvLaDmQ-j-6ddQLCkkjJI2PwEGKiaMdquo1bXvWO8czLyCU9f8nrTjvPeiuTtzex08jU6ba50hgIjftnTYfqrRP6z07KTIv.56Eu5CPXomhDnPAqya0Iv0aeL4Z3IE8TA8HH&v=4&ap=2&rp=2&idx=5&sw_check_ab=1,1045182495990,180,,30+件,广州美吉思智能科技有限公司,http://shop0580i336203w4.1688.com?tracelog=p4p,,https://cbu01.alicdn.com/img/ibank/O1CN01MOozf22AZRblCS5j3_!!2218601128217-0-cib.jpg_460x460q100.jpg_.webp,2026-08-11 10:34:36,success,
1688,商用娃娃机,抓娃娃机厂家全透明夹娃娃机无人自助扫码投币娃娃机夹公仔机厂家,https://dj.1688.com/ci_bb?a=21015&e=O9Nx-shxtcDRs9AfLqjbIWWv56waqVFoYE7.s1mrD9ZgrNofKvopnHhTQu-SBbtuA4Eq5oj.X5n..5FfQgLTkLhRQ47z9qUg3lBeOg.N.IcdzZnZZsYVboGDIAME3jAhUxqASU1hIzFPeHiQEpRj3d1cDpSP56zM1sp1szKpXZz-ednOg-rBQXvsmZCT9WRgJx1yHJeQp4Gq6iONhsrCSEXzhXEKkTcGBLXR.8WWoeqtErB3iVwtNZN-1UwDdlmO-91jUQD8uqDvZRb6XliG1MGPy8uTGp16roPe4T6SNVMOw1yX2ucDQxZ4MqBavsXJ1uv3EzyqXq5dZadCkCf31quxsAENdtvxAxxMKNCbiCq-H7ygytRaCR0z76vL3UtWWsjcuvqu5i1L1ul29PtuI18h9wPY9f59EtiD4fxtJYAtiCoHzFSddV-nhMXuxzweBt4L8kWjpnAKxm1WzoaTZ1jOeKqm4PBYKQh0W8Laxy93Qt8yz4weOrXWeHbS7..37VfPVsFpvfhCfOmqswREOh7tNQdwgJP3GYZe6u.dJyLxHi6iwFdrXo1YgqDJ7MeCalYw.9l29RuZf3ZZ0Ienk8dwuTiJlw4kyvbHNw0ZiUnDPSjeMv2zmyQw7h-B7HmqLPQb89Ah8aEGnX6PNawaYEdcVaArvmSxuk82re5TtHLeMe52bEv5C7BbftNNkLgM5tf0Y-ijJbrYEH.-EAj5w2U2pP7N1E376FHHQSxrHT5RMfpA71PSh5sZWW2FvpZJD0Hrbl2TqQIYdxw06mojwTmncC7qOZHMZ-EWZLX2QQNAsSQfePu6n6Q1DYavD-dxrrz0dN.3BoyJvYLiRQGqdi8bVLtAPREVWYtmcZOSuz.udK7bn6PCxp1eM-KkCz4o-Flx-I0AF4fW1yiEWizHcTZOYBt4zC0kAn6b8e.XlNDBl5FIU.ctqEL1xOwb.RtEno02Riz9pe8pKYYC1OkvPwF7g5bGSTkWHnpIFscJ0Dci75XFwMiUh5-apUiWt-Tn1yMm25ZNI2UqKR4WTCzGALhnOLTaGcoL5tuC1jnzyzL0Rmek5EqeCxiE6uWPNjuZowKomdmy.MnAuz-wCKY-k.Je9FGQVAKBkdpNyd..h5.g78e6783KIwNU3Uvt6Swwmj2gnNRcYDT9FioWsTfO0YGdAfuTZbsoFxShUOXfxcGdsPuhREqZOe0pm729d4IK9M8RYmDdy03E48Vr2sigN2oMxlTwUBSSKCeRSUXx7OjmanEzKpxtVNgRD7qyq9IbazxPQAUSMXnhzj2cMPUHo3bRs87JdvuoqHtjwng2c0rgUlmEKO.DPrwdOPX1OrW5Ha60ePu8vtUMmrYBZieQ4ebpZdjBJRWFq--xZPPGsbfuG.9uwD4ZyP8lQnXXSKqAHRBD7uRkf-hJxe4RcIKyPQdiJRtSQ.n8x4nNhBhKeYhKYOEzmT7uJrKaJIUn10XIKWXuaFDRA4YDxWtSoLaQmKRYF.vgk1wOlePozyMy0iX5NoVVtQqzj4dx3su7O8oUeVuRG8v8HBCqq9axb00eOwVmV7UKPNFnWNHUPZHoU0EWG9lI5Jc7jIR0BcJMZ749U4rbkFTrkYM4-JtV09WgNdJZMWQWqF0YT3G.VsEkUQzLlqKI.tT0f0K5WAICy-xsQtwgIsJVB4KRTxBxY0t7VEBbZkJNdnuRpvgTRzZgne8Zw1gViPYwDasAtuP2UhbXkLQzD83KrPAB8Elbg7H7VY.Yd6DYeME3KiwDBro7N7buFwk5N0QcElARcyJi3YTyzwnFKieqwe73SKftO6xWifUgOqHVJbkv6MuqEPEOYfbBMET4Itd8r8H7v-bhGhYcMXIp5LenYo3ssAh8MVL6PHC2tHkUlz6ivLWWy7zJF1pNbfTMXmJiCpjxvA5eEljhJkGxwSaYBlJ2i39Fs3DGp2WRn61OQC0JhqdVlhcswPYC9KYXjjXKhV3Ttgokz65CasmNbBEXIA6T.nyYQwaAeuVfsUIrWPajKBpVFgILbfW.6g3EqfLdLMjtwgwF.agu.2qK7XfE-tn1PMJ-iA6fHLArz5eE38S7&v=4&ap=2&rp=2&idx=6&sw_check_ab=1,799410711218,788,,,广州五花海科技有限公司,http://wuhuahai.1688.com?tracelog=p4p,,https://cbu01.alicdn.com/img/ibank/O1CN015LGPQb1N30C3BlwCn_!!2200699711513-0-cib.jpg_460x460q100.jpg_.webp,2026-08-11 10:34:36,success,
1688,商用娃娃机,超大娃娃机抓公仔工厂定制外贸跨境大型商用抓公仔投币游戏机设备,https://dj.1688.com/ci_bb?a=6543&e=aks7.TuH8YTO11ipBov-5f4raLNE0LvuG3JC1cHmM2pTFwDEhv7guof1990t2Zj.Mn.M9BA.bL2o4A-QZ3wIaMBLo3vVdIXHZEAULBwrxWFiV2l-b9Vzy4NNMKV38BjR0P0Jm4Qwp.6b1H0O1EqCiHG2bUHT7FRt9Q.U-o92Vd9iChHV.m3B30rovWa6lyCdKaO701NnNcrhpH96noao3vs3XrVowpmjjSmTGLUkf.QzIkBpZpoXEQhtcXR1Rwg6WuIu1QT6E30LlSEzOR0uZlXzEazKA54CNWU62cfdrQCEzMsWo4ApNfiF57cumGvwZabsRRu9FiqJqCZXi2nP9oLhSVF2M.o8l2WdsZ3F7KI8tH41vTEz.3qGXKCzd57jI25fZtQXfs-cx4yX52VUpfE7tNSChkRcUf-RkciK-DobeaV7ihRhrx3XMepkEMQNuz28hQcUodLEgZSTi1ggWJh4nUxNRWMwCk.GpsS-4D2JD7rdMMjypNPnqP.G0s2PviIMX5LMk8HsDgpV63xbhSe4u8rvATbAsf9nGC3uc83H8sfKEIi5zbuMdz9q3q0ZT9iRfP6KjcJwqfF9LnjjMsb0ikXdELjn8xaECmCKbaj1SXHgnCMaIroUdGVSr3V5cMVro5dctHFFqHXp8-foMPtHZa6pAFXPYn2LhazdIC9es0Qmb.J0jdPOMZmH8m9RnDm5bjWAuq5Ok9Lt2KW2UJL1lSaLqdYOD7fuIv-kR4BLNwbCmhIMviLyWhprt9B5CmFK.5KqA0nnmtw9W6vrY9Q1WAyAssJt-MEx1Yruw5BDis5xxavvPsxmW6tPJ9pyLAbD-YIsEsxAOqA5pGibYJwFk7EPeuDJC.A3z4laPrETp-tqbGSBMi314n2wwgBfW4DUq.1mroqpJVPfZZcEZU.NaJBDUNoQqG0fjVCn4Ds1AfVlxi9MyHxY527IFbVDjNnXEdM5xTYo9am19ZvaxfmTJUmESj.1IPvZllMcQ.PFb1mHFwoe4o829pqkO4tRjun9m-E4Elpyy.C.4x4EM9oxnFPEh259uLsXyWdK35Rw2QYhh.2vqxrs1NjW49Yy3cjvX4h8mC.CPfnFs1MvbRNqoCwAcoDQQfmdSzH4hjBJC0kQhvS29ejdXQ32lY62s9OyKTNYoFsOZj6-Kepvkuh4VML3dnfE8r2p-A0SOG2RG23avHKWpC1Esmhy6jgb-BgEQoMPizGTd8pDSih7JpXwnhUfvLyCllhJySfKzjwbb6a5LWps9Z4qFYI1D6KFFivW6ThWGwan38aAsN6GoIcZkBdrANRuIrKJ6b-WYMNP15PDGSlo-IVQcF2ElXnXRhvoPD3ehWNF-D0o0kGhEw0BMzdSGpwUXOCV1bM8Q50.3U0WXPF9GpS0CQuKFQBj7z-DlkAxHqxoVQU7Qu72h9Hbgtbogf-OCqBMU-7lfI415U2ihJLcs3ZLlem46MvUYKysxmNHa0F3-Z9KHXY4MZKl52WEjbuaay3OtJeZGJcw6lhZ2jl6Ncs1fL76VORsAJzJaVrcUsxpxxhUndaV7siPOpLaDPIp6-4yVquZ25SVMdGoURTj0zXz8DPzScNfJBvDz2MDtcI3eCNwJRbNIzrYnua-5PQA9NE1-ZmmDDH.8tZFsusi7M3yH-qLhvsKmP8en.oi8keHenQHfZYSoqh2lmCYl.OKE64tQpJ1mON7JBU69chK9XMJktgj3DMuqq1yzS8-zi8iKJI0FadAWBJKMSRabnDMzy7m3HbDf0gOV6lLM.nxSUFIzmazh-L2ClYzk8Xv0Q0dCEEe9DfZQn6GkWgb6dDHnypwDHL2PnuSN53WE7GB2Wy-Ah6FqjfJnW0rmSXMpDygP1cx6xJ9bqyhemESbNufxJRouyiwXCjr3L-EqVyKlau2BDYrLEkFJM-zrhMwJp03barAdD9HA1KpTG2NFc1JnHHjZklaXss1FHOcXx7wEgfqGuVVIRrgJ-glMSo7ol9TNiEPQeXKAFZhBICVgeFOS9Lz5MR.1iK7eZ-mF1TY9w6GPKefNP0G2wUHCZHY5J4p.gEDByZLew__&v=4&ap=1&rp=1&idx=7&sw_check_ab=1,1069382756912,788,,,广州五花海科技有限公司,http://wuhuahai.1688.com?tracelog=p4p,,https://cbu01.alicdn.com/img/ibank/O1CN01tgd2gL1N30Oywzfv3_!!2200699711513-0-cib.jpg_460x460q100.jpg_.webp,2026-08-11 10:34:36,success,
1688,商用娃娃机,抓娃娃机大型商用新款电玩城扫码夹公仔机零食机四人精品机迷你机,https://dj.1688.com/ci_bb?a=21015&e=-GzFG1dTZ2PRs9AfLqjbIWWv56waqVFoYE7.s1mrD9ZgrNofKvopnHhTQu-SBbtuA4Eq5oj.X5lzHViNEEXfSF8hDDgil2uUJcmcpRmocrlhHWgdV-67VIGDIAME3jAhUxqASU1hIzFPeHiQEpRj3VUSYxeW07n4hXH6L8p.1yRzxcKl6AoFwAK-CKRp8rZrvMtBOToUjdP8Wov1C-Apd5VRS7gGo6CCwm31NelA-ODdsfq6nBPt6H5oPj6Svtx5CI61GGl0RJNwD4KH8R-ycMGMq5JWggy.UJMccvkW5EdNfRR2wIFRT8CehdKPTf8v9OokgoAPfsd3zwdA-MC.QzbySIEXn.1EDFFPFNWqMcjPSS2ebssTEzQzFCBNMg3wx2pIOyoQrgEe.LCqSCpnfEqt4tmrv3TGfZsDfBOfpBVrveKuEuxz8Qjl1o.n9Tx-RnxpWY3cl2c1V-1k5fIdtyBA-07v1-eBpqYUyuFEQ0xLTQwbOsiPbq043hxMQkK8G0KqMOipqBoVb0mbD8PeXR7tNQdwgJP3tjN2ZTp-ElxyB7KhsQPKLUboAqiZIeR51AUkNgims7K8OT4d0x8x-SsOb8JH5bwQ3T75HbS9jksw3nXkOjlcZ8KpLBAysotHm-m7Y6luyZLRNjV278WimvFM5DaO4Txt19ncvatpH6.qCTDeiz9QJIl2tEz1-dTxbQ7STqZmkR7VAP7P72CBaUR.ckiHN.DjfmJEqyh4UZQT9qEyHL1CdZaCFUS2LuYqFSHUY.6Z9IFpNtO5itBClAY.L2h8pQvV3T4dfUjGMSEythVwafH.yl0heO0ECRTJk23gYKr1fsZpy.CBk4dkCvCH1VRazTrKaK.mWkgBbxpw0zMuhdCb5YoCQWV.LzzVEZcG.pwsyMVVah2hoDD22Kwh.VPBOyji6RASpIVgzXU4fNqYt7ZleoTRF9PGCfrFqA9RNbflSwH9yJEqQkIhB6e7N7OCg8wiRDVCgEGIW2iAHJ8z5Du8JCo.cczmVwC-BskVaTn0mhlb84sjJ4eRQ59bNyOi6gP.6Ub3RNzow34ARbC8VfXAEHyJ-7CFn2BjYJohJ1rx83RY.Wtag39WOGKqGJNbplEu.YXoxt.2diBIPCFlRGHsZmjt1HjHl1LEpOEqtRmeUd3E8otkXR.MRaqEzH7mRE.c5XycTvx1coL.B6R0vAGSHJ6JR3PfO9gLU14c94XOupbNvPFlHb.ImecUy7OA7YjxR2ePhUiTGYWcUfX0Ymk9iGmOImEOawQ-C1VgyxlaXcH2prlYR.TPLO8rsX1Zgu7cqlDKaT6f6xdHeikrR2y5nyiLN6lZvxqdP7od4jNKZUHtdWYtB9Conp4oR.bGxiGY2.1Xb4vYFsNXZPPE5-wrP1TueiLNTLN4LjAcWwSIBsiPcipeABwP2I5nTg6xcwK7zykfUpbuFUcugmOp6S7QEsfLmeb8Rf8MBSpT0leRj8ot61L86Ta3WaWGLidcDWs9w.XT9UwSAR9M81NPCXCUEXyNlcCD37SOBQZraZpJtEot7N1klZKlQQaMjmSREoTcMl7PaRZq20mo3dCfD3PeYGiSI1Vz9FFmlRX1ZqL5.4gdiJxGsUjrtSCFHttEWTBQF9dRdc1teZhtZqUUXGfEALeRhpyBsWPcaKiJjoo6znhiOKLS2nxID9UUvWo4vx59lHcWJpNOCLEG.wplBd8wWnu5YTfOMdgWIf6HW9.f8YXJkVux2LdRkVMGJ6iEhIUryvR5c.SVJUfz9y1oomOnjE6fZ.L2qYLP15s-7l2X1h5Kgj.-POkT0VwRKAmvs.rOpOv-BYi2BSrd95qxyDuuISzkIdjwTAr3kfvw2eNMV7EFAIGUPWyiJynSXxHcQ1wLwN-Rv1C1nYjtV8QTHzlZEt6moaTrqF0j71J.UEWHORkuRgNAwedg7lAmK25o2CuajFAa3oKbVO4NXY1yCjldn6tESHbAH2dpsry0JzBAy.-oqFwZBtp5s5En8Iyyfj94u1uM-uqDA0yQXGyIM9X1lcpICdkhnaXJ4h6.fvtpF-Gyz7xWTsKjSg__&v=4&ap=3&rp=3&idx=8&sw_check_ab=1,776569675976,2646,,全网2900+件,广州威鼎动漫科技有限公司,http://wdkj13650929498.1688.com?tracelog=p4p,,https://cbu01.alicdn.com/img/ibank/O1CN01rh28ac1ImHGGO9ft2_!!2217607270935-0-cib.jpg_460x460q100.jpg_.webp,2026-08-11 10:34:36,success,
1688,商用娃娃机,娃娃机电玩城跨境外贸商用公仔机扫码工厂定制商场投币设备游戏机,https://dj.1688.com/ci_bb?a=6543&e=mGtETKLpIEbO11ipBov-5f4raLNE0LvuG3JC1cHmM2pTFwDEhv7guof1990t2Zj.Mn.M9BA.bL2o4A-QZ3wIaMBLo3vVdIXHZEAULBwrxWF55v6ivrz3.YNNMKV38BjR0P0Jm4Qwp.6b1H0O1EqCiHt9WtAKm8JF8wfn.o-NYcPbr41Dqqlqco0pkxi1JH.0dfIs5lKvouRWgF5yG9GX2lriLtUE-hN9C5UhMzkdLmZV8xGsygOeApvSWZyxtsy.eayGcIZF8tv4hee3Lphr8GWm7EUbvRYqiagmV4tpz.aC4UlRdjP6PJdlnbGdxeyiPLR-Nb0xM.96hlygs3ee4yNuX2bUF37PnMeMl-dlVKXxO7TUgoZEXFH.kZHIivg6G3mle4oUYa8d1zHqZBDEDbs9vIUHFKHSxIGUk4tYIFiYeJ1MTUVjMApPxqbEvuA98wfn.o-NYcPT56j.xtLNj74iDF-SzJPB7A4KVet8W4UnuLvK7wE2wNkygW3EzZ5PHC6nK274gTbJP6O4cekPUTCaiyUAzcapDuSVG5cFw7F.csG.gwO3yari2XTzaZdQQ7kHw0pbyAmObuRok36ZW5b-7a7HOiLHSYHiqEC5QtYg2BDgHHzYMvgcuZJVl2RfNmWmurcWYu1HE6zRBzbqO8PufpZBHA3rHahxyk1RpZzIxPi8xcdcb98ZfS.U5Cs.151fYprlFTKv7sZnEwkw-b2bMAubaaX5GyFxavZzQDUQ71FIEsPe4JK2AnMZI8x6TRKMIBITsndxguZt0zPHIFfMZIEo2bKC37WQzRwbA3WvqsfQkM-mg6J-B6O52KpD73vJ79GyNJGwzOGOxt5EJVXCWaiifJmEu9eQNZIEcC5QJ3290SqRlRufe2Ngp3D8.W5IM98kZztEuMSjMlg3nweuMELm0hrxazOZ9bIoTxPc7n42AJ7hFT-GtlF5PVQGdBDTXSgTd9GLBLnbAuXrFrWbpavbG9dpk6uEIcm8G5hgYdXsX4Z9odbX3n3VuhXHcsdpR8lFlHZT.p5Si.LlxtM9UWcvoytPs.Vrn.Fwr1bMn.1OBx98prc3sbMNJuiw3KUKWT2ypJMmEnv1lyftahv2EiDx5L.-cehF2QvyMDFBw71.5gKDknLMpLNHvlUW82S4YZPQdJwnl57pLknYcYVef8f25kPBl3urwCmRKFjFeNj1h4bKHTZwYxNTWu32fMdWtsvuoL6dBsABx6TPsVZHkTWeZKUH5CN5IvUS-CXH8mA9r1ZkT1sTZPuzG83RAD7zA6-ehtzT4Wb12A-CZdXoeL6YT7bnG2MxCfmx.DaWRSpJfvntfLbXVYO4xmhlwzXdttbmVP86-NX0KNWWwC2fL3FSKhlPNYfgAI09zRfVafOCSwAhtdiBXaevj5Gzpr4e27LgkeI-aF5gTTQQ4RbrQTPwDnpIjzgzdRrwKBk46Gnwpo.rNt4owb8GLy9vr1jSTEshmrPewsIKTeekjiUZO4Gj3cd7a0J9n4Fyl.hrxf8pnu5mWbFKwTVWhQCea-eWkfMlL4qhSuYQxnCUNE8wU8OCKpYtg44XlXtUtfVEka--ytey-DwE1SYaZHNHD4oZtf2DWK8rWBtHjH--cqNdhKiXSUTGco2N-Vq.KCX1rRkgs0.PEhjB1E5qyHe.1cXiCc0OTHgGk3yFWn1ubEOkDEHs4On2SAm1.u.lJZDyOJSTjUtmCOOJQg-8V0ADsDbgeIJJU--WSxC6CwvYhpQO9zLU61OpQr1eWdNDPoBCpNUJc3QQSGRgeawGpG8s3N0kX6W88ss5T.jXrOcJBOtuDBFp1.oVsukICdzP8UhokveRROEUEhuhaQdVDEhl-1D9NcU.QhUdq1aUDaC4oOYNjCmXu6EAygXO1YK5mIKdWqVMZhQv70bfRc10oWgqgG6YL8mqBDwIDjxD2lKPzuUsWWKSIZRl82n8jyfX9oofO018qleuL88Jgrbk706D1m.XwKMEYAGCvzm19pPL-y5wV7gSylgwjpOHNrR01iU_&v=4&ap=3&rp=3&idx=9&sw_check_ab=1,1069380644998,688,,,广州五花海科技有限公司,http://wuhuahai.1688.com?tracelog=p4p,,https://cbu01.alicdn.com/img/ibank/O1CN01Fx1b661N30P0pxQwL_!!2200699711513-0-cib.jpg_460x460q100.jpg_.webp,2026-08-11 10:34:36,success,
1688,商用娃娃机,越南大型台式娃娃机巨无霸内丢机超大抓娃娃机商用公仔机游戏设备,https://dj.1688.com/ci_bb?a=6543&e=WpYHQApAKdTO11ipBov-5f4raLNE0LvuG3JC1cHmM2pTFwDEhv7guof1990t2Zj.Mn.M9BA.bL1-tIT.MxOkA6kQJrdPzdWjHekdoYfsYiQFqoWLQIayIgz8lIUTjAQOd8TmMqsizgiISbMb4o3FT.46W9FkSnzOBQaLQxOjyXO1MDw4hs2AF.Vgsu.gZofZviBbw4Dx6XCfy-gO9amYCAug.0ODBNCf.45GyHxFnQrqddJl2yyU4dz4Ml5ODfD5lDlAMzDAfcpgWUwYTnwOAnIVKBQuB.ca-oGdNe9EXbDTXlYI636xnC-LVNx94JsJBDOCjsC1cU1LQlR9SjYgVSZjp2Fk8H55XTUKrENg9I0VXrcV7UcLvI8KEYwGpF0A6HeA62yR46fQlO31xxVtM7QFyoyvj9XqE76e-rZASd3ZMyxLwIftdnHOW0neURlFlOz1-c7.NEEnLEWnK2fVa8nyesVJ417GxHdbhV1WxWUt7DAw4.LckgEoZxkmP.r9QAQT6NLp.AcmLHj6gVCtvJ.CK7kvxY0EvZfo5WFcAa1oTXLZlSTneZ.VaZhM2iQB.yLbpE.7y2a4ene.QmWECdgD3jZR9ADu0mALNDRk5b1sPwu2jToZBAWqo7V6NM7pMX3OtFnRuaPEBBTKmcRMMPm0fLwqKbBswWhuknVADbsgr0deykIwyIijeXTsHTVd7f5R87J1I4vWe6K0EBY0kpjOM8hojM3tQ8tVdeneG1uRAxdonMr3gyIRX6JgA9Y5U9Hm5svMK0D338T1q-0szpWMYUm9nUVqD.koEp67TWiMygwe5YQoCSooYZvuB-t0cRJdaWxzBiFk5vVy4SqojHI2MIyZfSIYfeIaFhxTIJv2bM8Fc.ln2o4uNjdzpcaVt7ZHAnizLx9DsdJ4vQcAYZ2jrkLNoHXMKEa0VPIHBjmYP4WquKWeDYtioFEOCJypXfJwm1CswhrF7-v.KSmkolTpl7PPXvgg.lyX9JZEbHCaZVpu1-GYOn-awHLCfOJYxpNv.Riz0hq0F1oFdnUsp9xD9h.uZNzsya40Oi33LSk.meW4ARkDvD9Uwg7dfC.iR6m57FNVAQjerXFT6N-dtP2zPeH8REn4SIkzwRs6sePNY4qT3BMuKVIfWOiEm13sy8yxScof-WPe9zsVnm2f8m--SfWd3mzYZy-AoAD1O8sUBTYXRXHXhsUzi8LVxkZj.4xFtauUp1nz8iZAcmgVNbzGE0GV9PcUqsqIpk1Zo5ANHF4qHglegN.JQWa551J0Qqc-oOOr-M0p7fArj4WWFg72Zy-HFAg4Qi.nYiWfhn6o8RQK75llpMKbjGOpiRisocQVL1djNY2OnVTOGr3u4FkuqM.U9XLeeQvc3CJbktUTlSZKF5OQ.B97G8mM1VwloD-Gc01Tx.6oFiHmNmOo1Q85srPNJ0T.yFR5MzKbHeGTr.aOC.yW.cjCWWy8Siq6fOamajko3NTbelv1Ajs2MWas7WouyQt9BHha0hC15SX47how6jPRnfet2OOlCAqJ2YF.OZoCTeMxEgNjj8.VQyk-X8tJ2nIiKGK2zgqFSfbWy1a7JEpObMui5kiJ7Peiamsbau1nYUcc7D4J0ex7oEirBXa1jzYkVi9.mg00lalrSiHAfYjHKy.V1ZupW.jBprw78LBGQvhohfvrsT3Z0vgDF4KxZ0qTfQwfworFGyEZZyXj7.u0Wz0TOkmXe9g-zsMm2kbm6C8gnYQgxCa9-DgSlFtLDxbiS0lXK7GqF5LHAK3RHyi5YMV1owqV16XU4gZs7Pbzly.DjS84BIdFlNCHLpIisC6Zz8ZSRKJJWfIpy8p3SiAQ0GDJKuf3YEtouIlchqv9J0gNWmYlFnVOrZ.Qd4D9dZ1wW2HSyPa-8toOZD6P7p11AsKSSMkjY.AQ6Ls6vukzizhagl8oZDlFURDl.cDDupxMEIW6sOEL3g9Vg-ys6omfz3EXBRJkWagu9Yvp7Vv-a3fLPGHD6OC2ELekId0o3DsJKMw16Gt7PFw_&v=4&ap=8&rp=8&idx=10&sw_check_ab=1,1002197095533,4800,,全网400+件,广州鑫和动漫科技有限公司,http://renhedongman.1688.com?tracelog=p4p,,https://cbu01.alicdn.com/img/ibank/O1CN01nLfR9k1U3BrN48jtz_!!2993652461-0-cib.jpg_460x460q100.jpg_.webp,2026-08-11 10:34:36,success,
1688,商用娃娃机,美之星抓娃娃机大型商用豪华动漫扫码投币夹公仔机欢乐礼品机设备,https://dj.1688.com/ci_bb?a=6543&e=0jmBKD7XHsPO11ipBov-5f4raLNE0LvuG3JC1cHmM2pTFwDEhv7guof1990t2Zj.Mn.M9BA.bL1lf5TmcuvMWk7FCPAL7Rd5n97HBhKCvHorWu4Qe8uNFQz8lIUTjAQOd8TmMqsizgiISbMb4o3FT5If3DUmKxLR2Q3hlmYXC4m38bPE5zBavn6L4o0G8XEN7-WK11e1Hprxay9BVwAVOsP5SqTJ08NzG6b-VoWLT9a.RkKv3UvFE2IJ6o7vAnRe85FwIEuSVsviq7jnknnARwI0-h1upqUOVHaW3Rl2Ba4e6zQOefhK.il6xL6pc5zxXICaScpj05GYC7pnpbw7WaXpKnc51UY2GCiUnQTPh0wr4pJZreQl0xuEikSZS9zmpHRdb-w3JCrMs0nDi7CudD4pfyFSRVkpdWlp0VBz9znAFhwPDl4tzUBI55UiJH545K2BX00p8fgIzqj-QjGMWgPiehknllKz.WACmNStb4J0-yvZx8lgJIJ6q2H-LU8itimqI0BuMYV0sn4SdCFlUEnJC9WM6L9obaXRqSD-i82MVmDCtve0zKK7ariWVHt6cmjIdwX9i9tQfvMFccEvGdohb4-69Pf3EsGgfGlAK62zGCfqCO-yvGEFLwlWUO5co99SbuFBs1QEve6OLfQdjB7c3BG0IPLOrIYns7.lZJ86tr3akbXNmAJlQa-M09hyKPE4ua4yAbTbUnDX2mFc5ywNSVnDXLUCegN2iUVWEKlWaVXe2uNP4175g0PLEXu1SN7pnN7uo9MfSa6NTHyRozjZNECSaNLA6Rr8J1N13zo5wgsxI-tXSPOO95FQ3U7kE5WMcdy9KpkTVN-JnpqNumi.Xs2aArfAbSLEypaus19gtgvnhY-BclHkYPDyumagRlQ70cEd6PDK9kWHi0N3YgpcAn1lL1rVqBreO1vhpyH9ZvN6Fsw9Xivfj1DuYq33LZASLv3z9qmySKPvXfHY1XYcO7a4Qk0OEWklrMy9lVJ8RfYtSNwRbKxI5BYOCgEIxz2n9WwGkv6mEyP3XbkI.-je4g-.RaZ3fdaE28oBvnuOZxGkpeZ0KKPVqlft0cn4TygkGFdLjyeynPTqS7-oy2tejTV1aThIAMcG0.Yox38BYz98ZPlRufe..Eov70frdktjaQpdS-1.5Bdw-vEYYpqxX8dBUmxhttvuupMoOEffWdRXlQdgC6i-xCp2gLDZKnnUncMpw12rDX5TwMiYZX7jvsVinafqCInxztA1sF.HdKiA7pwdrGNcNlI3TDoN2r86UFvN2Wyo9RY-XRNxdwnfhnsRKbrfojwjpdf55W2530A9j.EEjBuI-Eb5UeRNKe3wK4-FlhY2PHIzBrToMuLAYtlHWo2l3s.XppbcQmIsN43m2X452nImnARE0kP.ogw2H6KqraX1nr4w25LtuuWsGcRg.Q0Qi3bInAxrqyRIzd0ajaikAgKoKkoCIJq1gBPUbjHxNhpVA-wigNMInCTsj7b8U-sD-8nZGJ1YBeQFYF6cVEZNPn8t-E8QoIr4uqknKW6u9Li57xk7d9fSA3cgeFL0Y.tDvBQmK6LcL-9XC6jHZLsfDyLV2urpK6ioQnpuh.C3.O80ggsRvxz5iAZGifabgfJYVZguqnu6B4o-Uofgey0yfFKFwaLBQ-EBacBDQYI-3w9AMuQYfCjc5lWC6o3Ey.GDtKBUOwpp4UEwmKIe5fhy4R9Jotq7.l1FeXoHGgLtyMbWLObSRnWadaSz9sMWCcc9nypwDHL2Pnus2U1UwjDve4ngneQlwfb1KyzKiOTVK.gb0I43Lh52qb5aXtC41cod3FfYf3mqkgGXOu2F.e-Q9E7I9bE4fiY1aLwCvQ8mWst7FQPijMcqA2gsDUjdHpkYgVFXzG-IqK8MTe.-yFn6pa.5waC4GxKSVK0m.51prvw7DECyNGL7O2bsJSWrl8WktBBz.nXXMl2KUVUTof2zxr9GQq.dS8UTZWcv9RqH.k0crzIPg-S5x9O3-c8XELLSMU31aMslmkGQK4.3wCq9ZkGqLShTkQmIXUGpwxzFSWk_&v=4&ap=6&rp=6&idx=11&sw_check_ab=1,622116368498,1000,,,深圳市德优美科技发展有限公司,http://shop1450505191383.1688.com?tracelog=p4p,,https://cbu01.alicdn.com/img/ibank/O1CN01MlKcDD24iFAhoem5R_!!2751647424-0-cib.jpg_460x460q100.jpg_.webp,2026-08-11 10:34:36,success,
1688,商用娃娃机,唱歌机练歌房书韵朗读亭迷你ktv房家用商用唱吧机自助点歌机k歌房,https://dj.1688.com/ci_bb?a=21015&e=rcAWNfZV6-zRs9AfLqjbIWWv56waqVFoYE7.s1mrD9ZgrNofKvopnHhTQu-SBbtuA4Eq5oj.X5lzHViNEEXfSHDIRUFNeIdCqefJ9fid6tzf4XI9YCUn5oGDIAME3jAhUxqASU1hIzFPeHiQEpRj3V8zhtz7Mmaj3lVU.SAkEbqCFIprN7WUgAS10f.FlqHqPx.-I0-p1HT8OZjVxBqjCwa.yNtszo4Y4ND-y-MGj2-3UusqC1yMRfX5Wqf7FLlAkQixR2aj1JPovhAYpvPVkNHCy2xs1K0s1Ffhp3ewtiDKsGKNRelkEmp-civf-jVnMe84.zlg604ACsGXOj9c5zzU2oZs8OGBMtrKDL-2az15hpUZDNRFmf7VhoSrc7tkts1fcIv75bd7Th.YCzlByiQ3Wq3FDo8jA5B5RDLYJnah6oz1LtOF1xLKE3Luon9LUdbIt-50E1RCxygtVJPq-.VpYXFVxTjQvEDAFaeyxfOLJH2TtqfBW2zA8O05ccVA7TY.vIMFFWVyC4kknSRczqr-03aSSzUb5GFo0aLFUCRN5TXzB6XE2-118olzwvOLjcE2ZS5UAwMIXRTtD22NhAzcW0yTYI4m-G3BuPiH67ry7Sk0FL2ByG7FrQa6lJuOakEbH7YKTBW7F8Xo.X-6VqDnijt0guqsddfqMROptSFZLTrvgO-UGWjP4TlI-x7K0JnK0XziW.OKSAuNeZP5klQ2SFpoSXHUMC2Uv1-5ANp6GJ641ayki373S9m-4h4ZZHwrE1vesxbD.o-3n55PCdvsuISCG.gRXVnPpxCFJYKQGeIpC8h7x4xBe1jrEv33Ls.dwqO1y3-IyI2xqs67nUutPm.5ulXtmjclGQCCB-Z1f5NiuGsdu9.KycnRXNHM68FWNkwX71saiv9IXgCKDMqo0kOmkxJ04DxJpeVNo22jd0W1mgEyJIB5Si6j4biSrlY0RdNmo8Mss8AIKQkrlacezCSdyWXTmt4-nFXSRWnYJXRS5S8IlEVhVgcsyuWIzQic7ynwcKFXHAqSuLCHmG3sY48x0FmaFLAx1Exx09pVLXqgWJPCHYSFFcUnY7GAispa8OsTZVnJqmuf0jSPua3EWW8DnHAF7cHhTBjMkoaF2YRRvGRZbQxC29N8az.qnWrM9bBxxvj6DLPSVcgzUFmlV5ndD9Ab.CXkgZI9l9-1popP9Pr2aSoJyezfCKZpb1pFm95OclthX5mdrlocN3zzg18nBTht8IUk3Q5K7r8GDrbymOT0P.m1lArby6hYF2cjVvVqGhdvUV262qXrgYWBZYKD1ZAArKMIx2df-xq4yDlARoT42VNEwWttDhZZkCfiJ7KelypO7894LzhBBNVHLr8MdGrpnMyHUh9OSQLUU0kMduYKQkArw7YQ0RXVnqyUuMRQRMk-UZWE9yi-Vcg8FbRlJLGoam8Nl-sJFfloUM7rURnoRxNVcLsgmxq8PO.-OZSANm9e-CvIYH0b3zevBm0aNJz1vFw0HIztYnN5Sa.fgYtMpyC78696j8lwxR0OgXAzV5ENi2t-MwS1bRFNvtBWtloJhNRNy8m7XluYyNOYa4Hu.Old9bqZp3n141egRqlupx26vFTXPvYylKMQgLp3MWgu2-S2HmVm.sM4h8TfeDVHU3NS.KogXIdtrAAZRDe7edlbnol5dVnjKgRW0y9eRK53ZJDH2xRk3RbP.cQ4pVu-KwWifL74bBTVZ7B-f50UtaZKgj.-POkT0RKthezvdCNhOgpNJFqUF-Ku0Cxv48cLVfP3LWiiY6eMvAtlAUSw2VpIGnnL82pJRm2BpAxdzn4fOwrY4P4IlcCXgfBaYeuUv-mA5rNSdQROJVrV6ErCOloLq9HyfqYYm-1V06IbWTONtdQq7PixMNTusFr4nM8hKx3HS.7kGXAuhS3dmprI514.H.4jT6nUdJXfwh2sNny6h3ouJLiiKWRfiJ8YrEy3paExFIQtMmtt9HslNkqSkfUcRlddXAldibj5NGBjI5EHVkxDGFmw1Mg_&v=4&ap=5&rp=5&idx=12&sw_check_ab=1,781697885556,7500,,20+件,广州联成信息科技服务有限公司,http://shop18516u289tt28.1688.com?tracelog=p4p,,https://cbu01.alicdn.com/img/ibank/O1CN012DoTZ31Rgd6U9uLRm_!!2217632602141-0-cib.jpg_460x460q100.jpg_.webp,2026-08-11 10:34:36,success,
1688,商用娃娃机,全透明娃娃机抓零食公仔机店整场策划大型精品游戏机电玩设备批发,https://dj.1688.com/ci_bb?a=6543&e=AOxRGieJkVfO11ipBov-5f4raLNE0LvuG3JC1cHmM2pTFwDEhv7guof1990t2Zj.Mn.M9BA.bL1UxX50oCP2-b-RvGETVAssEtIooQEwZ53i-FSW3U3A1gz8lIUTjAQOd8TmMqsizgiISbMb4o3FT9iHuYrKftW6M3Ent5.eeqy1MDw4hs2AFwEZAc7eUYrjk3aE2wUJFopiCeqO7wJ0Xl6Jt37Q5IOMW5tuITeDJ9msqb8igYYGhYq1K9fXI6vE-IXnty6Ya.BlpuxFG70WKomoJleLac.2guFJUXYz-jyXZZ2xncXsojy0fjW9MTP.eoZcoLN3nuMjbl9m1Bd-z5zHjJfnZVSl8Tu01IKGRFxR.5GRyIr4Oht5pXuKFGGvHdcx6mQQxA27PbyFBxSh0sSBlJOLWCBYmHidTE1FYzDkt-vRgcvEBo.LaCkWUCV2u.llmoFUFWiCaBR6NOZrdOwOClXrfFuFJ7i7yu8BNsCKbT5Ah5MZ4ez2v26vgOgzyT-juHHpD1EwmoslAM3GqQ7klRuXBcOxf3LBv4MDt8mq4tl082mXUEO5B8NKW8gJjm7kaJN-mVuW.u2uxzoix0mB4qhAuULWINgQ4Bx82DL4HLmSVZdkXzZlprq3FmLtRxOs0Qc26jvD7n6WQRwN6x2occpNUaWcyMT4vMXHXG.fGX0v1OQrP9edX2Ka5RUyr-7GZxMJMPm9mzALm2ml-RshcWr2c0A1EO9RSBLD3uCStgJzGSPMek0SjCASE7J3cYLmbdMzxyBXzGSBKNmygt-1kM0cGwN1r6rH0JDPpoOifgejudiqQ-97ye.RsjSRsMzhjsbeRCVVwlmoonyZhLvXkDWSBHAuUCd9vdEqkZUbn3tjYKdw.P1uSDPfJGc7RLjEozJYN58HrjBC5tIa8WszmfWyKE8T3O5-NgCe4RU.hrZReT1UBnQQ010oE3fRiwS52wLl6xa1m6Wr2xvXaZOrhCHJvBuYYGHV7F-GfaHW19591boVx3LHaUfJRZR2U.6eUovy5cbTPVFnL6MrT7P1a5.xcK9WzJ.9TgcffKa3N7GzDSbosNylClk9sqSTJhJ79Zcn7Wob9hIg8eS..nHoRdkL8jAxQcO9f-YCg5JyzKSzR75VFvNkuGGT0HScJ5ee6S5J2HGFXn.H9uZDwZd7q8ApkShYxXjY9YeGyh02cGMTU1rt9nzHVrbL7qC-nQbAAcekz7FWR5E1nmSlB-QjeSL1Evglx.JgPa9WZE9bE2T7sxvN0QA-8wOvnobc0-Fm9dgPgmXV6Hi-mE-25xtjMQn5sfw2lkUqSX757Xy211WDuMZoZcM13bbW5lT.OvjV9CjVlsAtny9xUioZTzWH4ACNPc0X1WnzgksAIbXYgV2nr4-Rs6a-Htuy4JHiPmheYE00EOEW60Ez8A56SI84M3Ua8CgZOOhp8KaP6zbeKMG.Bi8vb69Y0kxLIZqz3sLCCk3npI4lGTuBo93He2tCfZ-Bcpf4a8X.KZ7uZlmxSsE1VoUAnmvnlpHzJS-KoUrmEMZwlDRPMFPDgiqWLYOOF5V7VLX1RJGvvsrXsvg8BNUmGmRzRw-KGbX9g1ivK1gbR4x.vnKjXYSol0lExnKNjflavygl9a0ZILNPzxIYwdROash3v9XF4gnNDkx4BpN8hVp9bmxDpAxB7ODp9kgJtf7v5SWQ8jiUk41LZgjjiUIPvFdAA7A24HiCSVPvlksQugsL2IaUDvcy1OtTqUK9XlnTQz6AQqTVCXN0EEhkYHmsBqRvLNzdJF-lvPLLOU.416znCQTrbgwRadf6FbLpCAncz.FIaJL3kUThFBIboWkHVQxIZftQ.TXFP0IVHatWlA2guKDmDYwpl7uhAMoFztWCuZiCnVqlTGYUL-9G30XNdKFoKoBumC.JqgQ8Zq.un-T0oJ96G-fzHqvTNcg3eWe8gpv76ba50hgIjfsV.E5TrNZ91E7KTIv.56Eu5CPXomhDnPBCycxYbufj9oZ3IE8TA8HH&v=4&ap=4&rp=4&idx=13&sw_check_ab=1,861651902697,888,,,广州市调皮狗电子科技有限公司,http://shop1471067108438.1688.com?tracelog=p4p,,https://cbu01.alicdn.com/img/ibank/O1CN01dmf0xR29hr9RZuTIb_!!2882938100-0-cib.jpg_460x460q100.jpg_.webp,2026-08-11 10:34:36,success,
1688,商用娃娃机,抓娃娃机全透明网红娃娃机电玩城投币夹子机零食机兑币机扭蛋机厂,https://dj.1688.com/ci_bb?a=6543&e=pAy3TisWPtrO11ipBov-5f4raLNE0LvuG3JC1cHmM2pTFwDEhv7guof1990t2Zj.Mn.M9BA.bL3Yak5MhP8lKj2-cYrasfUJqST1shnzYGHynMfb1BsM.oNNMKV38BjR0P0Jm4Qwp.6b1H0O1EqCiHG2bUHT7FRtUPTX09LF.409iYtN3KncqRdlxLEiE0iXFfvouK4DUQoB8dQEY5aXKqpzjoM-56MnMBXioFAx7IqYfBM84eDT7wopW--cCYpmrREOl6m1Jxrd2c3VJ0F5TDTbnCIg8OswczemM2bkCrOluwBcvZ1l6R4u.KojYxmErFfQDd4IrNxTyrLGpNlE7oMNu57dRlVDk-.tcaaSPBJwXWEc49uqT3mdI1GVePPoUxCZ-K3UdesTn4KgpwzoC2K4PQy1pkOxPr3eHLfNtVYrRmAj6kmhM3Eq1VGieqen9vA7GOrAmwV52a2k1lxqYU7S0oS.oDdBJLqMg1dZSy8sHwKTSB2wUHOsG2RwOoE1LiB.Su03414zpB9lqgbqdLZI8cOG7F4kJix4-oFQrbyfwiu5L8WNBL2X6OVhXAGtaE1y2ZUk53mf1WmYTNokAf8i26RP-8tmuHp3v0JlhAnYA942UfQA7tJgCzQ0ZOW9bD8Lto06GQQFqqO1ejTO6TF9zrRZ0bmjxAQUypnETDD5tHy8KimwbMFobpJ1QA27IK9HXspCMMiIo3l07B01Xe3-UfOydSOL1nuitBAWNJKYzjPIaIzN7UPLVXXp3htbkQMXaJzK94MiEV-iYAPWOVPR5ubLzCtA99.E9avtLM6VjGFJvZ1Fag.5KBKeu01ojMoMHuWEKAkqKGGb7gfrdHESXWlscwYhZOb1cuEqqIxyNjCMmX0iGH3iGhYcUyCb9mzPBXP5Z9qOLjY3c6XGlbe2RwJ4sy8fQ7HSeL0HAGGdo65CzaB1zChGtFTyBwY5mD-Fqrilng2LYqBRDgicqV3ycJtQrMIaxe.r.ykppKJU6Zezz174IP5cl.SWRGxwmmVabtfhmDp.msBywnziWMaTb.0Ys9IatBdaBXZ1LKfcQ.Yf7mTc7MmuNDot9y0pP5nluAEZA7w.VMIO3Xwv4kepuexTVQEI3q1xU-jfnbT9sz3h.ERJ-EiJM8EbOrHjzWOKk9wTLilSH1johJtd7MvMsUnKH.lj3vc7FZ5tn.Jvvkn1nd5s2GcvgKAA9TvLFAU2F0Vx14bFM4vC1cZGY.-MRbWrlKdZ8.ImQHJoFTW8xhNBlfT3FKrKiKZNWaOQDRxeKh4JXoDfyUFmuedSdEKnPqDjq.jNKe3wK4-FlhYO9mcvhxQIOEIv52Iln4Z-qPEUCu-ZZaTCm4xjqYkYrKHEFS9XYzWNjp1Uzhq97uBZLqjP1PVy3nkL3NwiW5LVE5UmSheTkPwfexvJjNVcJaA.hnNNU8f-qBYh5jZjqNUPObKzzSdE.8hUeTMymx3hk6.2jgv8lv3IwllsvEoqunzmpmo5KNzU23pb9QI7NjFmrO1qLskLfQR4WtIQteUl-O4aMOoz0Z33rdjjpQgKidmBfzmaAk3jMRIDY4.P1UMpPl.LSdpyIihits4KhUn21stWuyRKTmzLouZIiez3omprG2rtZ2FHHOw-CdHse6BIqwV2tY82JFYvf5oNNJWpa0ohwH2Ixysv1dWbqVv4waa8O.CwRkL4aIX767E92dL4AxeCsWdKk30MH8KKxRshGWcl4-.7tFs9EzpJl3vYPs7DJtpG5ugvIJ2EIMQmvfg4EpRbSw8W4ktJVyuxqheSxwCt0R8ouWDFdaMKldel1OIGbOz285cvw40vOASHRZTQhy6SIrAumc.GUkSiSVnyKcvKd0ogENBgySrn92BLaLiJXIar.SdIDVpmJRZ1Tq37i5alJI0n41th0sj2vvLaDmQ-j-6ddQLCkkjJI2PwEBKOGOrGsmSDqnOOgz7noyeNYpz0NJCzqZbPQMUg6Af.-wcopswnzHnz8xP-tD00w8-yu-BDjOG.iYcnmCs61nWlm9VxTNxOhEMsqOHUGcp4&v=4&ap=5&rp=5&idx=14&sw_check_ab=1,918090393650,380,,,广州米你动漫科技有限公司,http://shop7u72z2e531294.1688.com?tracelog=p4p,,https://cbu01.alicdn.com/img/ibank/O1CN01uZNhBK1anLOFlgMfw_!!2217097913374-0-cib.jpg_460x460q100.jpg_.webp,2026-08-11 10:34:36,success,
1688,商用娃娃机,电玩城娃娃机整场策划源头工厂跨境商场店 游艺机全品类配置方案,https://dj.1688.com/ci_bb?a=6543&e=iTA1ooal3Z7O11ipBov-5f4raLNE0LvuG3JC1cHmM2pTFwDEhv7guof1990t2Zj.Mn.M9BA.bL0oOqU.FflKOGxlM6b4QQ6loL1eWcHwsUcls1CVKtS7hwz8lIUTjAQOd8TmMqsizgiISbMb4o3FT.OPGmB-8jrfhBgVTmfBmYy38bPE5zBavn6L4o0G8XEN7-WK11e1Hprxay9BVwAVOsP5SqTJ08Nzh8LWUPgsVN0clT3xQaKIZH21RsGekW62rf74X6pW2m.gtTm4fDosz-bXfBbQHTyZBykokiA5MYMMAEI.iTvLj-IfbtY3T534Uje4XRwzGTflScZTeNTkkZ-P5rmlmkb-d2FxqC5cuhSaJ2ehpkYM1XKLwNj-dMvAFo.tac5IBY03by60gJ0nme-.nMACuNb0f5p39JRFoQmwUba0m6lrqkfXGAKsNuQSOgBnXVsp8Mab9jjIr3GbQkmIEOtfOlIndbhEV6386MkbbpKtgj2jj49xtYrW8ptOoKbA2R8WQHaT5futPue6XuLLWutBAhVoF.y2tQSWRacDgOj8clJTmk.B8naim40quyVcN3pjWkn6MvmMzwxGsl64ByX-sDNIzk6X1yH9NR1Il8SzbVZ9PjHIV7-hPZHNKCG6dgqNtq3zs.LYMdtRHLV7xeYAJzBG0Zb1T.KCnFmE-m85B4pyGaTY7CQzmN7p6GWVBxeMbzXyFb6EKkVI0PcJOIdSPXaGIZJdC3mQacY.FeHwCsLmONLfFLEAXsNp9bh4srn3o-lELs1hPRSKbodBzzfUsfJlKFZTCOjxwlDu1J3DHz7xx1hCUtpJJELI7kb5Los8ZJCKkR1Oq2gs7RomWXYmnPH9eTq.MqpQMWzHfosDUIxnzTQFFODU5eq0iRzuN5xanGlbJzjOnUcFHJVIT1be4zWsdtwLwgZ6H5mNnDJdarQBG2q9eZueC1h9YsaV5yUA5AdA4AijfItpDmijBKOZL3rVwAtANmhTgkMtv16wlIG07znfV6yjhhv8JpN.4-VgoBxRIRNBPTiDILVtlAOtVImhcrmDXsQm4ey4VYVDlfYpxsdOql0hnIUggGWGtFQ8OenEffKx22I7PVb-1Way1ZHVAuHDwf.jr1VU4rdSmbS12yCQNtlQZ4Om5a6uIK2s.CnFJEO9pRUW.HlRU8Gqx.w2imFmY2y05F3DSuDinnKhH7fWgdgfwAfeWb4bbL7ddAbIl8sv0ISwQIXf4kRNWGWIxP7EY6xMAkddRmDERn.JXICxkqbLU8v4T6k9tVA6KDZJIG3tdQ6J-TDLGARQw2AD4GTXLM0Y.lgZ5K3YAhGo9NDgFRJNZyxncBrSFgTricmKpuo6TTvPX2eoTzA2ew5bKoL-Jbly.Z01o8x5oC8gncV7-sZX-eewxoRalAAgQiOULMg5NQKtJJtM2kb9tnGEgRdUc1qMizBWvKkBuYTGFVJQqtE5WCEBCx9HYfp2jFQMbalw5y3uH4.N6Zpsu3BykedbeZteXloleZvqtBR1Vpchdg.xSRkiMWbtSXK1G7Ds52xXRivbbNmKzr9q4n5TTksp4OC5aq1ANBZdR04KK0vNXmkHn.a9Z2p112ECkxjf5SgBmaFm8xprx7LV-mtfWYvd2tIbnLlLwsgaowkotvsRv7tLjlxFIVL0iWheD68wVPjgWjNpFfRN.fEdhS7lBxBtFcvWIk3Nh2vH7L63XRTS7t5cShCjxAxzPbqMMAchP-4LmCw3lb4zGin79PUwZGB5rAakbyz517JZ7SvxW8ewzwMdUG-plksQugsL2Ibupa48o-vePz0TOkmXe9g-74MoiJwWVWfgZKygcJWSTcXYQsKvI2JoIKP6W008eV8owNw2nN0q2-6UbTR-2O8ojNQ5-tAFLj-PzZPDqferVLy8AJWX4CzHs5K2h0pFaHmqfps9Ksk9hhRrvqvuI9FKDPitkwTdySwsM4L-45qNW8qL6Up9y7JEZWcv9RqH.k0crzIPg-S5x9O3-c8XELLSMU31aMslmkGQK4.3wCq9ZqE-Tt35GzhmVunerCmS-RQ_&v=4&ap=9&rp=9&idx=15&sw_check_ab=1,1012686321135,940,,,广州呢呢熊动漫科技有限公司,http://shop1490720662675.1688.com?tracelog=p4p,,https://cbu01.alicdn.com/img/ibank/O1CN01pnpsjU2M45rtHmMqh_!!3174689773-0-cib.jpg_460x460q100.jpg_.webp,2026-08-11 10:34:36,success,
1688,商用娃娃机,商用娃娃机全透明礼品机四人抓娃娃机礼品机投币扫码盲盒扭蛋机厂,https://dj.1688.com/ci_bb?a=21015&e=xumgyeo5Y5HRs9AfLqjbIWWv56waqVFoYE7.s1mrD9ZgrNofKvopnHhTQu-SBbtuA4Eq5oj.X5kN75.Zkoy0VeQ.yzkrVs.I9bu8RDNh-tJ7qdDlrkTT3IGDIAME3jAhUxqASU1hIzFPeHiQEpRj3d1cDpSP56zM2pMEFSVMypSIEgaHRrMdM685RZ2UQR0EddRWJTdVX1ZG9cuvmTG98pxD4.VpaBrGg9M9WWhmZGXEUXcyKNp1nNpZYgyMuQu4wMk1dBp4H3P3PzRbEXIg5k19FHbAgVFPwJ6F0o9N.y.06iSCgA9-x3fPB0D4wL9DNvJIgRef.UQMUU8U1aoxyM9JLZ5uyxMTNDMUIE0yDfDHakg7KhCuAR78sKpIKmd8Sq3i2au.dMZ9mwN8E5-kFWu94q4S7HPxCOXWj-f1PH5GfGlZjdyXZzVX7WTl8h23IED7Tu.X54EkrRvCv9dn7OGOm7PhecpfAlXcLXihS5XFkT7YsgWT9e-75opPKBOkHu01B3CAk.cJvkfqPtU5bpTgr66VTmMTjViCoMnsx4JqVjD.2Xb1G5l.dlnQh6eTx3C5OImXDiTK9sc3DRmJScM9KN4y.bObJDDuH4Hseaos9Bvz0CHxoQadfo81rBpgR1xVoCu-ZLG6Tzat7lO0ct4x7nZsS.kLsFt-002QuAzm1.Rj6KMlutgQf.4QCPnDZTak.s3UTfvoUcdBLGsdPlEx-kDvU9KHmxlZbYW-lkkPQetuXZOpAhh3HDTqaiPBOadwLuo5kcxn4RZktfZBA0CxJB94-7qfpDUNhq8P53GuvPR03.cGjIm9guJFAap2LxtUu0A9ERVZi2Zxk5K7P-50rtufo8LGnV4z4qQLPij4WXH4jQAXh9bXKIRaLMdxNk5gG3jMLSQCfpvx79eU0MGXkUhT9y2oQvXE7Bv9G0SejTZGLP2l7ykphgLU6S8.AXuDlsZJORYeekgWxwnQNyLvlcXAyJSHn5qlSJa35OfXIybblk0jZSopHhZMLMYAuGc4tNoZygvm24LWOfPLMvRGZ6TkSp4LGITq5Y82O5mjAqiZ2bL8ycC7P7AIpj6T8l70UZBUAoGR2k3J3.-Hn-Dvx7rvzcojA1TdS-3pLDCaPaCc1FxgNP0WKhaxN87RgZ0B-5NluygXFKFQ5d.FwZ2w-6FESpk57Smbvb13ggr0zxFiYN3LTcTjxWvayKA3agzGVPBQFJIoJ5FJRfHs6OZqcTMqnG1U2BEPurKr0htrPE9ABRIxeeHOPZww9QejdtGzzsl2-6ioe2PCeDZzSuBSWYQo78M-vB049fU6tbkdrrR4-7y-1QyatgFmJ5Dh5ull2MElFYWr77Fk88axt-4b.27APhnI.yVCdddIqoAdEEPu5GR.6EnF7hFwgrI9B2IlG1JD-fzHic2EGEp5iEpg4TOZPu4mspokhSfXRcgpZe5oUNEDhgPFa1KgtpCYpFgX--CTXA6V4-jPIzLSJfk2hVW1CrOPh3Hey7s7yhR5W5Eby.wcEKqr1rFvTR47BWZXtQo80WdY0dQ9kehTQRYb2UjklzuMhHQFwkxnvj1TituQVOuRgzj4m1XT1aA10lkxZBaoXRhPcb9WwSRRDMuWooj-1PR.QrlYAgLL7GxC3CAiwlUHgpFPEHFjS3tUQFtmQk12e5Gm-BNHNmCd7xnDWBWI9jANqwC24.ZSFteQtDMPzcqs8AHwSVuDsftVj9h3oNh4wTcqLAMGujs3tu4XCTk3RBwSUBFzImLdhPLPCcUqJ6rB7vdIp-07rFaJ9SA6odUluS.oy6oQ8Q5h9sEwRPgi13yvwfu.5uEaFhwxcinkt6dijeywCHwxUvo8cLa0eRSXPqK8tZbLvMkXWk1t9MxeYmIKmPG8Dl4SWOGoozmVBMu5ZHaLf0WzcManZZGfrU5ALQmGp1WWFyzA9gL0pheONcqFC9bTAdN1IneUf1sY0mzU66cm6UQ5HS1Lvo.pFPrKkSy64uxmwo66ypc3fq082S3LmkqicNPOYW1HwvZrKMP8it7DRfE-dAEy4qCv4Z2.5Pw_&v=4&ap=7&rp=7&idx=16&sw_check_ab=1,1052594868089,500,,,广州米你动漫科技有限公司,http://shop7u72z2e531294.1688.com?tracelog=p4p,,https://cbu01.alicdn.com/img/ibank/O1CN01ukT0wI1anLStiFoSv_!!2217097913374-0-cib.jpg_460x460q100.jpg_.webp,2026-08-11 10:34:36,success,
1688,商用娃娃机,新款抓娃娃机商用投币夹玩偶机游乐场礼品抓机设备投币式夹子机,https://dj.1688.com/ci_bb?a=6543&e=Jrt9CUqdGNvO11ipBov-5f4raLNE0LvuG3JC1cHmM2pTFwDEhv7guof1990t2Zj.Mn.M9BA.bL0oOqU.FflKOGxlM6b4QQ6lZPnMrxDkkt1hUCCNKxKAEwz8lIUTjAQOd8TmMqsizgiISbMb4o3FT0V0cC7CzvaqBSupeMsn.7u38bPE5zBavn6L4o0G8XEN7-WK11e1Hprxay9BVwAVOsP5SqTJ08NzaqZitAo3olCiOAP0iVudTBftNhl8Ugg1rf74X6pW2m-zVJZTFxozkQ1JyGbRj2ySBykokiA5MYPuxAIm9rKoLeIfbtY3T534Uje4XRwzGTflScZTeNTkkZ-P5rmlmkb-d2FxqC5cuhSaJ2ehpkYM1XKLwNj-dMvAFo.tac5IBY03by60gJ0nme-.nMACuNb0f5p39JRFoQmwUba0m6lrqkfXGAKsNuQSOgBnXVsp8Mab9jjIr3GbQkmIEOtfOlInArnBAcfrf6aRmjuDl22L9Y9xtYrW8ptOoKbA2R8WQHaT5futPue6XuLLWutBAhVoML82UlkKh8xXMDWQmTcUQ0.B8naim40quyVcN3pjWkn6MvmMzwxGsl64ByX-sDNIzk6X1yH9NR1Il8SzbVZ9PjHIV7-hPZHNKCG6dgqNtq3zs.LYMdtRHLV7xeYAJzBG0Zb1T.KCnFmE-m85B4pyGaTY7CQzmN7p6GWVBxeMbzXyFb6EKkVI0PcJOIdSPXaGIZJdC3mQacY.FeHwCsLmONLfFLEAXsNp9bh4srn3o-lELs1hPRSKbodBzzfUsfJlKFZTCOjxwlDu1J3DHz7xx1hCUtpJJELI7kb5Los8ZJCKkR1Oq2gs7RomWXYmnPH9eTq.MqpQMWzHfosDUIxnzTQFFODU5eq0iRzuN5xanGlbJzjOnUcFHJVIT1be4zWsdtwLwgZ6H5mNnDJdarQBG2q9eZueC1h9YsaV5yUA5AdA4AijfItpDmijBKOZL3rVwAtANmhTgkMtv16wlIG07znfV6yjhhv8JpN.4-VgoBxRIRNBPTiDILVtlAOtVImhcrmDXsQm4ey4VYVDlfYpxsdOql0hnIUggGWGtFQ8OenEffKx22I7PVb-1Way1ZHVAuHDwf.jr1VU4rdSmbS12yCQNtlQZ4Om5a6uIK2s.CnFJEO9pRUW.HlRU8Gqx.w2imFmY2y05F3DSuDinnKhH7fWgdgfwAfeWb4bbL7ddAbIl8sv0ISwQIXf4kRNWGWIxP7EY6xMAkddRmDERn.JXICxkqbLU8v4T6k9tVA6KDZJIG3tdQ6J-TDLGARQw2AD4GTXLM0Y.lgZ5K3YAhGo9NDgFRJNZyxncBrSFgTricmKpuo6TTvPX2eoTzA2ew5bKoL-Jbly.Z01o8x5oC8gncV7-sZX-eewxoRalAAgQiOULMg5NQKtJJtM2kb9tnGEgRdUc1qMizBWvKkBuYTGFVJQqtE5WCEBCx9HYfp2jFQMbalw5y3uH4.N6Zpsu3BykedbeZteXloleZvqtBR1Vpchdg.xSRkiMWbtSXK1G7Ds52xXRivbbNmKzr9q4n5TTksp4OC5aq1ANBZdR04KK0vNXmkHn.a9Z2p112ECkxjf5SgBmaFm8xprx7LV-mtfWYvd2tIbnLlLwsgaowkotvsRv7tLjlxFIVL0iWheD68wVPjgWjNpFfRN.fEdhS7lBxBtFcvWIk3Nh2vH7L63XRTS7t5cShCjxAxzPbqMMAchP-4LmCw3lb4zGin79PUwZGB5rAakbyz517JZ7SvxW8ewzwMdUG-plksQugsL2Ibupa48o-vePz0TOkmXe9g-74MoiJwWVWfgZKygcJWSTcXYQsKvI2JoIKP6W008eV8owNw2nN0q2-6UbTR-2O8ojNQ5-tAFLj-PzZPDqferVLy8AJWX4CzHs5K2h0pFaHmqfps9Ksk9hhRrvqvuI9FKDPitkwTdySxZQOe40BpPPwfbjOoKnCrIZWcv9RqH.k0crzIPg-S5x9O3-c8XELLSMU31aMslmkGQK4.3wCq9ZmnNucDLuRegVunerCmS-RQ_&v=4&ap=11&rp=11&idx=17&sw_check_ab=1,1058214708698,940,,,广州呢呢熊动漫科技有限公司,http://shop1490720662675.1688.com?tracelog=p4p,,https://cbu01.alicdn.com/img/ibank/O1CN01xd4oBH2M45tc6bOuO_!!3174689773-0-cib.jpg_460x460q100.jpg_.webp,2026-08-11 10:34:36,success,
1688,商用娃娃机,礼品扭蛋机商用儿童投币游戏机电玩城自动贩卖扭蛋机出口OEM厂家,http://detail.m.1688.com/page/index.html?offerId=1072996364530&sortType=&pageId=&abBizDataType=cbuOffer&trace_log=normal&uuid=d612c145d077488887867df9e887cab6&skuId=6286263587389,1072996364530,159,,,宏牛动漫科技(广州)有限公司,http://mengniudm.1688.com,,https://cbu01.alicdn.com/img/ibank/O1CN01dOkRahrzQ5E1chua_!!2216453261966-0-cib.jpg_460x460q100.jpg_.webp,2026-08-11 10:34:36,success,
1688,商用娃娃机,跨境工厂批发商用礼品娃娃机网红公仔手办扣商场抓娃娃游戏机设备,https://dj.1688.com/ci_bb?a=6543&e=kJ2UeND3.VTO11ipBov-5f4raLNE0LvuG3JC1cHmM2pTFwDEhv7guof1990t2Zj.Mn.M9BA.bL0RtYL6bKzYn16igLDHh2X-sn276zCCzoXVmSUbPk3tz4NNMKV38BjR0P0Jm4Qwp.6b1H0O1EqCiHG2bUHT7FRtvyJ5tm.RAaC5UV8VAzGv8hdlxLEiE0iXFfvouK4DUQqmSHFiAthG1b71X4WaodqKFGkSIfF0QHRCStz.dfbXOBL8Du8eS9pb4t7cJfJJ0yQ.CSgxFomM1PYS0.snrX8hYFlMGE58DgJyFSgULgf3GvqBnTXvRF2w015WCOt-sZwvi1TcfeCbCQQzgo7AtXFNS0JUfUo2IFUmY6dhZPB-eV01CqxDYPSNFV63Fe1HC7yPChGMBqRdAOh3gOtskeOn0JTt9ccVbTO0BcqMr4.V6hO-nvq2QEnd2TMsS8CH7XaIlHzCAGEwb7ecuF9Hpnt3-JSq9HkSuG8s7dHssIXX4MR3W4VdVsVlLewwMOPy3JK19EUf-VpXUmU7kXPJiCMry5aYlyTTSRjqXHLQfQWKEZnt8oCjQhAkljN-6LddeMS0-gfqTLo0AfubA2H.9.mHyvv1y2pL6BDUffATwRnZuzF.X3UliKjyger3L7nnnLCdBE99wMasS9sxKmVL58Gn-OWekoLSNGnQwM2LCATN7QeUa7pCBWgQuWsm.lk1vV0JJ02nlYzIS-bJTEqsFBDEI0JYbBdIZ.673pMFGK9Z.QmJQi2lkB0.TNSXLNlxr742aehxyVYXkoiywJGIkfZwy1nSAFoNXd-ONxlts1ekur3E6EkhoHJV2cwpH2SCsU-Ww.RW-4Ey-UKL8hTWKKijiOcmmCYIyDljfFxJzq.o80gJ7.bhyBSQHz.HFfj7LsqcjLwbMH83MFQD45nkdfPMWVaZn-7Y-TqtIXvIkbnlpDEvsWySAG3aDx28MCnQuHYGKsp6MLoyIc4PJOQ4x7.R5prnkVTURx1hWU2q2yx5QvSMc48To0S0gUq3tboZEijH5iQLaUXmn0o9TKIim09rBFeWu96tfG5OO02BzyFamxpiD3.vKpuq3G6p0g9mfS05UIVTLF4icDTsDmiYqCLR.I-Zx.50y8mAZYa0VDw56R8BAKuBvGQWCOprq9vDpwo.Bo3MUk8PYIGrWHpz0fB4wnvaF7SROKGJ6WQFfEe79ffR9aF5WZkO3nR068SUKywZoAKKvULODX3v8xhI8DELwuJ11SPl3HMjj-BSKREtoVfz5h.djpCUElbhuPtxSuZgTlqxUmTeqxzXw2CJYEwiNqHYCcSe42Ks6I7E-VwDY-jn.2Ofebo.jmnW-YO20aWnKkRqLINpeWAZVxc9anFe3c7Bd7vH-uLkcVZpQde5x3dvNoMEV4jSt95Y-ZGIztP5AkZqWuXh44CkZOl1JH.VVxZDFmS4nDJIV-d39vKRQjkv-f0vnJKUsqeJ.ay-28s8r-g2g3TrYDllVLLJP5N5MIZCZYBRIfyaxLGjUG15iwchGVWMTCSFK73UqHpicQxWS2b42-4oxRNSTsAT7S7SccwQYPgn2D1vo0Z4aGcMrhKsnz1wlYhYyDceVuuH2dUA-bbUsnh7o279XK2bloNc9TFMH7JQxtI2cX0aCrfv0lAjkBHoJaEdYMPNLwEsQz2mvDvwsEZC-LGhaX8nV0.hokc.kMGrEFO-eNO9XMvwJ4xnyQkkYhrH5d0d-PKp.8u-Wl7QuNXKHdxX2H95qpIBvppgGdNi-77gpfDw1s7gEBTSfRInuR3A0TPk9zs3otdcvSt.HDY9MYmSlDyklz5J2E0spJkFbYbu7FOvlJwuPkZmpApDPK3k9PE8W2e7cWnQZ7ZdT07zzbEXkH3pnmvwcYPwQdUWK1iU3CSECmYrrNMX8aINULsYK1qkYxvsGqBnuonc6-EDcJ2P9BQUDpqsqA-m2vt23tLuHQu3k0U2gi-mkxLZF.CZHztNfKpXri8M1ZOBsB1YC9Zv18CjBGABgr85tfaTy.tz-CgYE.pMRziXRUZKT0AR&v=4&ap=18&rp=18&idx=19&sw_check_ab=1,1026715830037,799,,,广州星和动漫科技有限公司,http://shop61325201eng43.1688.com?tracelog=p4p,,https://cbu01.alicdn.com/img/ibank/O1CN0175gnoh24ihuiZUU4V_!!2216512697425-0-cib.jpg_460x460q100.jpg_.webp,2026-08-11 10:34:36,success,
1688,商用娃娃机,夹娃娃机商业用小型室内扫码投币电玩城抓娃娃机器设备大型娃娃机,https://dj.1688.com/ci_bb?a=21015&e=qU9JaD90SkPRs9AfLqjbIWWv56waqVFoYE7.s1mrD9ZgrNofKvopnHhTQu-SBbtuA4Eq5oj.X5lfIR3vY22M7aYNxsV9OkvYzgH2-DsChR2U9hSgfrzppIGDIAME3jAhUxqASU1hIzFPeHiQEpRj3eePIXbPVeQBCskvb9r-oMGCFIprN7WUgJVp90UsHI8PrjIy-qUiB5a0Gv.Bnc1hBfltuwPyzZTYW87ugd7NHAOZK13REaOMrBYbAFbIj0jcTX0UdsCBUU8MMQqZeD0USfTqJIKAD37Hd88HQPjAv0M28kiBF5.9RAxRTxTVqjHIz0ktnm7LExM0MxQgTTIN8MdqSDsqEK4BHvywqkgqZ3xKreLZq790xn2bA3wTn6QVa73irhLsc.EI5daP5.U8fkZ8aVmN3JdnNVftZOXyHbcgQPtO79fngclsyrji3BsevNR3fTi1A3lJULsRS1e73vO4.46BNtemW0c.YeyZprSnAMDd7xStapw96LSsphyiFcDUgfC39OGBxt0jusTxOIZCwWuXkDwN85KST.73qsEvReCayygzSaR3tyZoJ3F5zPRWfdH4BnJO6A7Pg1bRH1SWB.zEFwA-bDLcDfOSMDZUg8hPV-KU1E5-xxbEoQUk7aiaeGSD92jbWWIrMaWXKL52RTBLr7mX4184Q1mlkzk265NX.yNFsXH-EB8yT6ijy8ZL5gLVXtL2NzFvqU7B9ZQxHuOS0YONJZf7kwIS03rvq89uUT1xZCm6nUUIs0ZZN.LDUZ4oSy1T4TCkXIbQ8UoanoFXQp4Knk3Li5h3gRDAIfv-kDND-8od4VjhZJBR1wP-X.7JSFpOzpQvkwzMsTX-fCi3la9U7xK6qwob65w9WM6VDk5ce6yCGRjS.GiJPLV3LQ8seOxi-PMxSsTbkVGAdUH7fuC-qPdNsJh3WNgJ8tLPIhW7yFUbhdNUkc4V26XlyAIrmZF5oib7qYq0mMSwfTdjfV7ycpXyIzB3lQctrWZnuJhXnBr5xuusKGkOaQP-Ocp4IYxTTzKgMiAXmkHHPn5wkixSPKOu.yNnfMzpORLMmGN5GdjD0qSUe47eUtbpl1kPdLj4dREMuHIsZsC7P7AIpj6TVI.HtxQPJQpOp637VxMyjk383llNyjVCgcYAVX0R0PMAtqCyC9schTpK7zJidAvqTUF.t.8ag0oOiXPICn.8YLLfYnAdUcNllGplBeCXV-U1sV-76djB8Zs.tS1n0to82.ofLvT8K4JxsB9i6wuy7J2BhJ5qwCq7luA608Lr8YXR0OAInN3j0vnPShA..3QmQ320M9zyBbRnaua7awaHdinqj682AEqbW-cfa.KYcg0GkCzALhyNfkPXv9.VfJf2jvbNVvkUrwPtdJZBCHQ0gJu41uSnIvsqo5JDcDa7ulTiVbZ3OtDZeAzD-3BqNTxfLrTjmIwmHDLIqJ.JMIeB8i34wzoF2mVf8mwNULnQBjCyeqGogJQ-LRLFLhJwYIZbgbQdrziWV7MYVJvC2vQD9r.3BAAsWckQeW4BXeubp6Luv91C80Yw3-7UEP3Ovk920MwdDRwfNH7BZMxAEcIrTjIES.omh9YVYgYo-5zDHPdA1os5jrMc3ZVzXJSID01mfPiZ8Iq0EwlglftP9v97wqgMVZoaEcTrDK4cdbKQpF7t3vQiecaGnwdC.ZjM-DOLuMj9PFsm25CThdpXPsQBN7HiNiHcXMtUaZbqNvda3QsE.r88.2ABNkKtCMBsy5gjW5AfXcefqBN1UcJRnuy1QGewfn-dFLWmV9.L5NT.nSP-RW3xn8XnxOoqR.DacHHXvm.Bmbf.FqTLNiSUg7i1VcHwp4N6Z-dquJJ5x0zAtRALNNdr67fQcNNY56e3t4zFGyUVGxxblZqqQUqs-uq1rqc8253RQVGJHHC6PWb1TOjuNL7HBWTrf1qkJmbyQIkRJa1N9ITZyckoGlUWAgtt9b.qDcSp8t0syO3CDAX9qC6wI.6m8uhZOPV1QMxseTkz&v=4&ap=8&rp=8&idx=20&sw_check_ab=1,818968467944,500,,,广州星和动漫科技有限公司,http://shop61325201eng43.1688.com?tracelog=p4p,,https://cbu01.alicdn.com/img/ibank/O1CN017JfXeg24ihmUtBaYN_!!2216512697425-0-cib.jpg_460x460q100.jpg_.webp,2026-08-11 10:34:36,success,
1688,商用娃娃机,商用家用抓娃娃机夹公仔机跨境小型抓零食机迷你公仔娃娃游戏机,http://detail.m.1688.com/page/index.html?offerId=1067722646728&sortType=&pageId=&abBizDataType=cbuOffer&hotSaleSkuId=6116930632700&trace_log=normal&uuid=d612c145d077488887867df9e887cab6,1067722646728,108,,,广州市黄埔区嗨趣玩动漫商行,http://shop6r87309954653.1688.com,,https://cbu01.alicdn.com/img/ibank/O1CN01hM4tAP1v3BUYdyay9_!!2220896346116-0-cib.jpg_460x460q100.jpg_.webp,2026-08-11 10:34:36,success,
1688,娃娃机,跨境儿童抓娃娃机玩具家用夹娃娃电动夹小公仔扭蛋机迷你抓娃娃机,http://detail.m.1688.com/page/index.html?offerId=818768396445&sortType=&pageId=&abBizDataType=cbuOffer&hotSaleSkuId=5688756138181&trace_log=normal&uuid=dbc667a30eb94986a567e8918c49340e,818768396445,34.56,,全网5400+件,广东佰思玩具有限公司,http://shop11846uh5016e4.1688.com,,https://cbu01.alicdn.com/img/ibank/O1CN01tAxgPE1PmvDnseukk_!!2207300581884-0-cib.jpg_460x460q100.jpg_.webp,2026-08-11 10:34:36,success,
1688,娃娃机,调皮狗抓娃娃机厂家全透明夹娃娃机无人自助扫码投币娃娃机夹公仔,http://detail.m.1688.com/page/index.html?offerId=898460273529&sortType=&pageId=&abBizDataType=cbuOffer&trace_log=normal&uuid=dbc667a30eb94986a567e8918c49340e&skuId=6043928206220,898460273529,450.8,,全网100+件,广州市调皮狗电子科技有限公司,http://shop1471067108438.1688.com,,https://cbu01.alicdn.com/img/ibank/O1CN01Z2qyKR29hrCk6XtCF_!!2882938100-0-cib.jpg_460x460q100.jpg_.webp,2026-08-11 10:34:36,success,
1688,娃娃机,新款儿童娃娃机家用公仔扭蛋机玩具过节小型迷你新款生日玩具礼物,http://detail.m.1688.com/page/index.html?offerId=925614124560&sortType=&pageId=&abBizDataType=cbuOffer&hotSaleSkuId=5803613520421&trace_log=normal&uuid=dbc667a30eb94986a567e8918c49340e,925614124560,62,,3500+件,广东佰思玩具有限公司,http://shop11846uh5016e4.1688.com,,https://cbu01.alicdn.com/img/ibank/O1CN01a5kzrz1PmvFD0GwFH_!!2207300581884-0-cib.jpg_460x460q100.jpg_.webp,2026-08-11 10:34:36,success,
1688,娃娃机,抓娃娃机夹公仔机claw crane game machine 商用扫码投币抓零食盲,http://detail.m.1688.com/page/index.html?offerId=1013874906286&sortType=&pageId=&abBizDataType=cbuOffer&hotSaleSkuId=6096998392878&trace_log=normal&uuid=dbc667a30eb94986a567e8918c49340e,1013874906286,1980,,全网700+件,广州宇博益智游乐科技有限公司,http://yubo16888.1688.com,,https://cbu01.alicdn.com/img/ibank/O1CN01rMHAWy1ikbz3AB1oR_!!2220807604451-0-cib.jpg_460x460q100.jpg_.webp,2026-08-11 10:34:36,success,
1688,娃娃机,娃娃机新款公仔厂家批发扫码支付投币夹机占电玩游戏机抓娃娃机器,https://dj.1688.com/ci_bb?a=29448&e=QJLUDMj.YfoS.GYY6kNppSU5czlumdm2FYt8.KzBKOsMMY5VGv3O8ta.MLNdHpmVOiXCsiDxyY9Ezfvf0FFIGNxl88ANwW1BI15tn59z9gz6F-ZOEq9V2PFDSQJwFbggIjleh0azbNIMFyktD4VDYNj-UZH8fY04I76vjVDK3antQ2gvfpwmh4EDfJQ2THMqVhRJLGeUOFohh5dJ7gidthduTumqFqZXjfTWSSUfEAZ2xtnyMgrGKfuXSRMhKXSuo6nvUg8zUEeOzpYyy.vSISc.Xn38sv-U2M47Rv72uiGOi98ahDsKgtknNp7GB86CbqTLYVJtk3AQymGiQImAqn8eR5-kYXUMaO0qQoEshL0gIerEiD6ebVLmjX4g.shgN.layfQvPTYVq87lms8nlo3zvUgF7pHOtlYRcNAyg1rAmSW.fHlB5RzzZV5B3R41t.Ms3PV6-pZQ-by48b.pbraEpxKt8LmQqg3X7loytVhQfjLNslIHU1-uIbxOoee6epeydAITVlNzKu5djjdB9CK6AZ2Ns0268OYK2it6cbT4OsEJBEDlfr.fMerGrrDE99hTr.2-6Zm-plNNneT0KL.lwYtH9KufixiyLkIaNiQa3R5PwZvLXSzT7rTs7Xa8s8I.Vpc9SZAt0Bb5Qp0D8vkPMrvE5sAJCYNcgcoNEFIATr.6JT7ZcWXikCOvJU8CqGT9dUaBVAcQR0GkjJxPlZnnpCzfs4NAn5mXP9kaUuR5NQFT53c8MYiWXEmzBB4MvSa99Jv-gN.scnv9JJYn5fnVr7UgKB90OASKnv7GbBTAj.88lZYyii3AnC0S3HMJ5Hgyrj3L.NG5xXOKvqt7CnvVi2y3ZfMIeSgfYXNkXfTNt96lHCcZ00xbCz8XBQ4-nNfayC7HBFMWIR9cqfrO1RaodIZmR04KEXjfF6fcyGFhpO6cO5C1-Xb2AVBxEHa1EF1fuJQTbQietcrHEHtaBDH7nKZkRjeVhqCM7PfKlUCQsEAj0P639BiXiz5jkaJN.LQZHilih.Rnw7mRsTZY5A1952DKtKiTGbj5sC4H2RaXVzIgS5z5d1nCOV2l.S4eDpOe0fN2YDu1m1-YEO6e.tZvGppqC.5tvd9bBW3WNeago-CWk6Y7j1Lw9aoThqMHYDMjNiSipUJgz3q6zx5bwNFiCP.E0Rzp4.O4cU0gwUh4Bc-.2T.G2-X4qI3tIP3PEtGzTfsZ2UYp8CoATZ5F.a4BgzxTdgHL3NaTL8fynnmefguJl40fdxX70wBEAnhVRJOtcm39uoHPZscYaNZvdMyp8r55tPrY7-RiBmahWGJomy8c-Ze.Qs3Zb66in2hY4pV77ZLSEJBFvgmtt-wTBhnXtRNn5wuEMHjrWEaNLHAd.8UxdaYUdr8nRhpAGTlJRLV2UGlLyWbQcV5HIy-YVjzVT.E2DmorRG1VR0wCvKmhY.Zz0wR-MsrjH..EjKdlGoLprVWBkzFivKmRIuIDd4zzS8YPboMdaStHFSIPrZ1.tEbLAV4P8G6T1EFD-l6Q1qMuk4eczPerueMo4kxkWFdsPXtUENoW2ouWGCruCzSLVuhlFmDuRJ.ngAbNYoTaiNhc2yL3q646s5.hNqN-b3LdDEnwDH1v-QPrzrf-PnMAQSk7lfN0VF9XzaHtKsE3cnEi7pctdyvxjvucZ4j9mXzUDxs-EbIgyjwp36GsCgHCJERw7L1fBxlm4QpMxNbg8AOJ-CjbWCtmAZMj2Phu30jP0xLR6suzty8xwGh21.ZEA2FM5.Vmf7FfhPpP79PIgE5tA5CJKv3vL2niM28DWE1J3YhEr8nx1EyB8NRpcCstGKwQyvY3oDZ4GwxFhcU39IsQrsDCuFbQgVH5HxybB9YWQnfOYdrqD99sFTGyJ2GU8vpD7mAy9cfVSXWA3DNZVEvgelVF0JyxzEZ8bQgVvcnkpu7.zAR.IsH9jfEilgioya2GUUOfXHXJpCA.V0acWEyBiHgr5uEEG6h7nxWluRKuqeLaUkz5XFSLQqp-8vS.QASFVD98TleW6bAZcnyxIJk1yqQ1-kgyRVvZPYTo6w__&v=4&ap=2&rp=2&idx=8&sw_check_ab=1,630828093100,1980,,,广州五花海科技有限公司,http://wuhuahai.1688.com?tracelog=p4p,,https://cbu01.alicdn.com/img/ibank/O1CN01OevED11N2zzrEesMM_!!2200699711513-0-cib.jpg_460x460q100.jpg_.webp,2026-08-11 10:34:36,success,
1688,娃娃机,娃娃机全透明夹公仔机网红抓娃娃机迷你夹子机投币扫码盲盒机工厂,https://dj.1688.com/ci_bb?a=29448&e=TeUVfzoYuaoS.GYY6kNppSU5czlumdm2FYt8.KzBKOsMMY5VGv3O8ta.MLNdHpmVOiXCsiDxyY9Hp6RtKQIkDCrP2TQ8i8-zvT4Xltzh7SRlPhOroXdXpPFDSQJwFbggIjleh0azbNIMFyktD4VDYNj-UZH8fY047sX3ReLvMkXtQ2gvfpwmh9-dVLIvPqhbfcYnN3qB5xGWtESBrKLBQAsare0wxiia-8mPse5dhzJc.eQqqXBnis8PzmWkyi6Xwoy-0IoVIIKi7-lJrWoDOzw9Z4GlRFwvb73n5Pxr7VrvPwmiSfLt7Q5.f.bUGq4Xluhyi4ocJaMaAEa-6-CPU7p6g-qaOzZw5OaOs6f3xflX7Vrc7FD23yNNodh-5PoRR11vyjLMD6Zy5c2KTSvcxncmHiWsqYI9Qm.zT8.vLkw5yF2sjlJQx81iXnqtybW23RctF6xMsMh8GEvTAk7SOktDE6tFtJAHmlN4-uVjjIDW89YtI7TnLsoqdJ3v.kE9E.O.E.KHa8byUHQQ.wX4JQ6Lj..soBBDfPuOqsSAbBzuTKYD646wM-rAW2ISXx6DB7.QFya5WvYkAs5I7FGY1mT8MlNqO4c4Y9nXKSM-YpN-o90MDFOd7riDpzTWvFOUfNQSGCB0-3bB3nQCpWYw9Zevco8Z6N7diSfFEqOST640b4o922eH3CTKFdu93QZOObxgiX9aYPO8mZr7PlrsMW15xHYPl.1ln002Lwh9WN4Ua4Ja7h2d6.dvjQuztUrebBWHisSuNGwF9SnKU1gYWw6tQs4IX-BIZzWiqWiMLhmoIPt-7tj9Mi1BhycamSYw2saZMXwmpn96o43WOlh10eLLpi1fAuVp1kuaZz1bylUc2HAGxXTURn0xkn1S50djc9ixNlQGIBKKPMZ2jl0M4NBty.pik1G99YC7zXdl0Uc2dsPGqlAQwKNVTMy07hBRFkcuAUiR.fI85Hau5-wrWZTARfGc5jlY5Yv6SSuL5UHRm.f7daQ.lyIGHWnVWmLBHnWkYTOtS8x5-70WYyfwj9gXYiARV-UbYMsvUA--Yw3kk3OHRxB6pK-A.2XntS27obLjoAlVCWc9ogupm65PZmUh7TudXoLUhVFKpu56q2vCOpyRZFY1u66kraxDuQeVC60iM2edQhH3QqlWrBSDgsUoIZTawlryrxqSnBoN4ImWTT6QrMA1rnk1bGajC4YXeYAUEVhgJ-n50w9TYFL1pQWaYlXwIw8b6mev6bkKujXjNIB2iPELXUqgMlntuqN5JDEInQsmWlM3nho8RrfwLI1FdaYFtifP4pV77ZLSEJB0IzCR6jOTmo.uKij1y.F7WYnu-4XM9B6BbDKGB8MBvWBl8gOcqJt1ePJaWm0SzlvTRIhdvhJebei-bOF55fnyYJcOzVtdnm.UU2lFm35vtl9E3XHIKecHGYvgu8cqc9CkRkk4xZxGAhxw8Q8UBR2a6mmO00io2WKeuN6jJgw0WwB1KLQPd41WzK6iw6xZ36J47CiiLHhLToz4a3zuvDntqJMwmAwQcSbjSRa3DdyJgNY3h.6g3uqEpAzA8.Lnjfh.6WtkXmkpCD4lnu6nbKYdCRwCML-meGmaJDf0OWHNeS0Ya31P-Ftff5qPhsYiMpiQvoVXYGbsoercDkKPHvcRc-QnQdNAlEQRDh25iYovhnlXUuHdA2VNDPJqQJPelDXd-Mz8iWDyEf7cTeFBdTtLDswG552s1VnbgpqRfSH39utM8O-Zimg2RPnLxIQYkkV9YkAs0sAN2uCsWahikEMaaRPNH-zMlT8t65AqCli5HsFnFMx-ALYkbBdE2jL2rRvCbr3iODL2jQtbDle.1LDctimcvHRh4pVBgMAKUOGwdGRMz3Dx83AezvuVXh6CWWg4p8jMjKXkFAq8C8HC3FC4ySQf4Xd2Pnc5x1PBuefJVqCFDKKahaeFCxqt7TDGKJqY2wfG-JCCKrPaD8jVhApkYOaltcaHisapP1KX-BhCXb9GQxrEHCkziPFopEbgS3DOsQdiJMxtc.RXbd.R34kd&v=4&ap=3&rp=3&idx=10&sw_check_ab=1,1050719506343,400,,,广州米你动漫科技有限公司,http://shop7u72z2e531294.1688.com?tracelog=p4p,,https://cbu01.alicdn.com/img/ibank/O1CN01s0hXlF1anLSyLsO9i_!!2217097913374-0-cib.jpg_460x460q100.jpg_.webp,2026-08-11 10:34:36,success,
1688,娃娃机,潮玩捞鱼机新玩法娃娃机电玩设备带氧气泵网红游乐设备智能捞鱼机,https://dj.1688.com/ci_bb?a=21666&e=NSPA9N3DhayR7o4IW05QeD1pCX-tDtf4hZMn74nn.yCm-sCxRmDydrebaLrHUaRatlPbXHjj0-ItuYstmvYNQeYj9mGkZSq-DU33Qss0mL0rbPlFB9HnPKR06gtnOrPcH391KdH.YelBLOfLoW53eGfw26vyyL8T7bXJ5-D68bG8R.Cbp1I4uKOGcxPRNYEBepf-jEt7rLaB3IWfN9i0b6sJFxVKO3Tbw11Tsr75ETwg6pFv1C9bThc.Cujj0VYUOWXkcsKr2BGM0f.q3smlnEzc85OblPFYN7vZNnfWbacNIYvsD4-3Ko1LU38TPCWDpm8oKG4iTxH4KIv8WTBhivf1vbKy7eNplJgWZnvPo0u-1xn-j1cxSrHN1D0AJfdvaB4ZqixISm3PF1tAuV7MFIHseplimBH00FQbJa72Wv3DxqlxoLIp.jRDSCwR2CpJ2dftL1dyweX9oGCqjE.gD3MtcZk2myvxh3.HpwndrV2Jz0LUDgIpZO3-uQDL-28daJXusJRGh.0E3yENL9r98A8n0pQ-RVEtqmkqdGsVnxCdmKhzZtl.5.m2ezUreO6QePgDB9LNZ4PEU92eaB.CDtCDF31VaLTaMUF2vLya41wc1idGY25QVDXlozNrKYUeNcfrkdcX.20nM1c0mvTNhp3s43SImRuKVSJUltyqNOaD7FxVcQ4tM2fhtJnZsyAF.aXtOF-KLFevheKmAXfNXArvpglgxCR3jSHqrjSDWk7ATn4entVOi1Z9wU758lg4IU8nju7vxPxIjymTIA76AbuUUGdSw24ppMKUR7Z7C4HXiOFD-Pz9Y.zcfPQzA3Im0LZnc6p0JtM4fBxmfBPkaYevphTBdGRi24NrCvvEfkgg46s4U7S3QkZ7vszcr1pYNVYeg4KLlJg2QtATOYAc4d3BDdVdNJmLl1Qqe6jHQtRWankDrdLr.iUJGCRj4TslE450ms61i.JMD4YroZaXZOktqlXjUNg8DUVMWpD3GEl7ftW4Fes9j0WvEG7Nu3rgIOyfoXOatfJCK8V8AJfETshAkPEf462dIDQmiWz4LG08DQlF.FrWGi03utW5goDRuyBfDDnko4MZ07EVJyBQhiZHDzSeVNqqf8R.qV2t2O80jskZYWvuXlR1ct8xL5WHF8DB8AEBfRk9X1qev5N9d.lar.9i9ycCkRfE1ZX4XD4y43M1JcBEqXX2ozmA4CbNOyaW52QPbl1o2bBr0-JHn0.-MElzxrKX5SXRD.7gJIc-QtqzrF5NNpQODokei7oC4TkV2Jc31znMHQsfLqjnC15G6xP56wXHQYjMs5Beb4RTePu.sYagbNrHvvjnu8WXLe9Rhl6cnlS9RXEfSWgyVTOJSJDkLQsMImmquT.QCHzSJpTaSVPn8icPG2FHJQJ7xCTMwOb1waPKVUbTdPkd6ORoDN2vOF3-i1.2931KqXUYwR.uRo54gJZMwpRE9KwhIRv3hOLlLs22mH.Xq33-iNlTA37y7e5doLVy.J-8xNel7ZapJjbBuDQvXqgOzTqKJLs-7865v3MmZssIA0F8MIy9-LqaFM53o9zWKzRMBKNnRJ84VgSPvbAsmX9Uf4y3HJIaJXn2RDp96FrV0.yysDbpRs9jkdN9o4J49bf9rxjfYRjIXVLZOmcfYF-78Odq.V0LH5FaxdCmUFyQGP4VkVNcyGXBI7pHp01RojJnb4tojuR03RMQd3gnFJCZrmzUFHPked7wsykZ.AsHgpP8hP2QUogc0Q5eDil5j66ob-0GfFkbcy9VPPJYAtE08jAxxa6pJY36LneN4rIMqzB03NabT6VgIcWfalm-0ZBYFWWZNq7Jpu1cazEEuiMutO3whBWKcExWXaAo4ZJXgNC5BUYHaFdalp-hysp8jaAG32f3esWCdqoipZ9DKnXF4eEROWrenmSsknn0c.zujBrkBFLqfJ-YZH5EzQvm7VL6KpyaMDhOWWiaZGt4QdcWd-k1B0uM4QqexpjTTZis9Jc1DF4iILsIsMfhbg4Qt59zQHg5tIVxl6RNmv34KDpwM4fNvsgNTPtlwJ8_&v=4&ap=1&rp=1&idx=13&sw_check_ab=1,892916461731,300,,,广州鑫和动漫科技有限公司,http://renhedongman.1688.com?tracelog=p4p,,https://cbu01.alicdn.com/img/ibank/O1CN01ypsvMZ1U3Bkpqkgb6_!!2993652461-0-cib.jpg_460x460q100.jpg_.webp,2026-08-11 10:34:36,success,
1688,娃娃机,2026新款商用扭蛋机批发大型抓娃娃机迷你夹公仔弹珠机投币游戏机,http://detail.m.1688.com/page/index.html?offerId=566341482813&sortType=&pageId=&abBizDataType=cbuOffer&trace_log=normal&uuid=dbc667a30eb94986a567e8918c49340e&skuId=3832069471398,566341482813,990,,60+件,广州华施动漫科技有限公司,http://shop4k5873sy84029.1688.com,,https://cbu01.alicdn.com/img/ibank/11292777955_688131011.jpg_460x460q100.jpg_.webp,2026-08-11 10:34:36,success,
1688,娃娃机,儿童抓娃娃机玩具家用夹娃娃电动夹小公仔扭蛋机迷你抓娃娃机,http://detail.m.1688.com/page/index.html?offerId=994650727963&sortType=&pageId=&abBizDataType=cbuOffer&hotSaleSkuId=6140786246544&trace_log=normal&uuid=dbc667a30eb94986a567e8918c49340e,994650727963,34.47,,全网2.4万+件,1688选品中心官方供应链,http://shop22t2285192lq7.1688.com,,https://cbu01.alicdn.com/img/ibank/O1CN01tAxgPE1PmvDnseukk_!!2207300581884-0-cib.jpg_460x460q100.jpg_.webp,2026-08-11 10:34:36,success,
1688,娃娃机,电玩城娃娃机源头厂家商用娃娃机夹公仔机全透明礼品机精品机批发,https://dj.1688.com/ci_bb?a=29448&e=i4HnlRyElUIS.GYY6kNppSU5czlumdm2FYt8.KzBKOsMMY5VGv3O8ta.MLNdHpmVOiXCsiDxyY8BV6Vrs5L9IeYdffZwAqI-cQ3G7sFVHnHkve3hjQjYG.FDSQJwFbggIjleh0azbNIMFyktD4VDYNj-UZH8fY04o4Rqro1W4IDtQ2gvfpwmh4EDfJQ2THMqVhRJLGeUOFohh5dJ7gidthduTumqFqZXk7PGaln0H1Jicc-0pYubkO96GA4hqWmCUXvuKZv7d76TOKiCYzSRUAX9w5sx5l2oVDi5RrY2MK9txSwe7QjQ2ppJBH6rnG1rarMwEerahL026Hj0ksPr0foR.RE0UBs5Gq2JmdA-4bN5Iu9AM6RMa-YjFdZclxWEiWKdhVYH02n5TUQZGFjiCCwscrNdY-ANJQTGc3KJ27ploGGFbGXSxfS0uojn8DydvkTTbxTGWb14mt8wiLP62J-CIwF05dULLw3fAUK4cgeLjPdtQG-tLM-O6gGcyIL1yMZ7e9iQ-6eE-y7lAaNkZOYFZwJMzNeMbiT2qnstgU5JXPPHM7clt3.V.IK0yRHhBdJiPa0WyBP1gqsdrakhrk8JDiWt1A-WJgZfsxyZ39iOoWwjFWlhejrlInCedKA4uEKtpMx5ylpJTwHPI8NbkyN5aN-h-0p8nDjgiiIwR8OxSbImFmEcNqu5icrL0Z5AXF1PUeW3BhaMu3bPdfRtR1zHrS4wytS79ZJ9vorveT.c.7Z2Kdgw3r2LTsXx0HkkEJOulnuBNDvouqwJif9n8IjMwfCjD9SN5IscIgGhqJQjDt80SGTgpKTnr8q1YKZFYtldBPTjyKFejoSlmh3trK-i69mW65h3MguHd0ik7hx8L.Hna0mGCALALDKcjFG18OX7s9PsOlUv--3lgbtWq1Iz33YsYI8g-e8O9FdfLDl3AKLk3QUN7I5W6mUc6Y8yzjkP5F00GGjwoI39ZbAX-NIe6.EXl7nfQKTojsRCY6KTJSU0aR-y9V21h7LRXNO5ADh2HoqzMAQYxPBDd6V7izII9xxGke-IfffLhQnBYLAOGaB.4n6fvqMo0NUx1Qq3xaFjDG38.k71H4chkInG3XnVIiVMP7P5Fn1.wyPASpxRXbSa6FSEtIP2vJvCdC91Oota9dKW-briADl.-IMrMAlIvtCExGkCd1bLe6Hb1yJQ2b1OZ0eKQdPsvhjGzu0gmOy6IzURlKX6jS.Pbvo66Z-bzulwUv5-iBh.nhBzrSDoLG7Q6vRkHTO3rczWiYjKKBG7s1nVVticlkUM6pTLQf2BsDne5EtK7ERLa3C1j9-wlASp4lamPIC0YnKFt-h0O1YNRD0TONY7N1JvplhanAdFVBKpZXU-BjF8VMPR8IuIqu8n0IoWZk7BrzPqdD.H1btdi8Pw34OpJcw0LMPUP2cTCZV05ano1jl5ZgsinFDckfyShdhmIJVRull-K0VTCIBZtgXH0MyaNC031nOHmLES5dPrUNDcdHPcI6CCXeJUpfqMrm1xV-51RmsK3U0Ve4KlAf45E1Ufg-wj8pusT.wk4P1BEVF1T9YLR7k5Jw-QC.gOkoc0w5Hakts3mTt5RXB2QK07dTVoNXXNGoTvW0QCXNsusNkTRSFvfOpZHQultXK3Bv0M5vz1o4EpibDuypStExJK9Ir5ae5oxt-b3K8YM57ghQHJ2p-aftNj3OgA--4XLwz7dyYCnS45Ul-.pACfLUtb4uRCTCT-S4jZ.LUld4tBDbX7sP8ekT8cjlmATm0DkIkq.eH-qHC2CSQJjjDV.AGR3t1doY0fgrrGFrcvMcBodtf21AwwY3KWmwSfb-W6U-TjrfyA2WYRe0GsJZMQgeENV7oYFKb9tA3hWeVtzgw4tLMTlDwTm9ahtQLWRilUbal2Wdi8Cbf9IBZhKNNo0pQzSSmqIfn-HK8cBXS1Qcaugl2Tb5sdxtsNjvFsMDc2oOmQfUFLatGKCgNGC7N7iHfiMRFEnyXts715.vbIwwSC.yUbKLkottxADkKhf7PEC.TpY2t6UQTp2VAPDEcaZ3qqr.w_&v=4&ap=5&rp=5&idx=16&sw_check_ab=1,988021289177,699,,,广州星和动漫科技有限公司,http://shop61325201eng43.1688.com?tracelog=p4p,,https://cbu01.alicdn.com/img/ibank/O1CN01nwUQYm24iht3Gpfk4_!!2216512697425-0-cib.jpg_460x460q100.jpg_.webp,2026-08-11 10:34:36,success,
1688,娃娃机,儿童抓娃娃机大号迷你夹公仔扭蛋机小型家用女孩男孩玩具生日礼物,http://detail.m.1688.com/page/index.html?offerId=957571103780&sortType=&pageId=&abBizDataType=cbuOffer&hotSaleSkuId=6053573767893&trace_log=normal&uuid=dbc667a30eb94986a567e8918c49340e,957571103780,52,,700+件,汕头市斯洛特玩具有限公司,http://shop1487610357209.1688.com,,https://cbu01.alicdn.com/img/ibank/O1CN01YS0sS62Gkn3cI7GyH_!!3167369054-0-cib.jpg_460x460q100.jpg_.webp,2026-08-11 10:34:36,success,
1688,娃娃机,动漫城游戏币篮子币筐框塑料收纳盒加厚游戏厅电玩城装币盒币篓,http://detail.m.1688.com/page/index.html?offerId=828944568481&sortType=&pageId=&abBizDataType=cbuOffer&trace_log=normal&uuid=dbc667a30eb94986a567e8918c49340e&skuId=5728259203999,828944568481,0.44,,全网10万+件,苏州瑞匠商贸有限公司,http://shop8hm0o52791105.1688.com,,https://cbu01.alicdn.com/img/ibank/O1CN018KJsQz1MW1iQT1yOq_!!2217505731441-0-cib.jpg_460x460q100.jpg_.webp,2026-08-11 10:34:36,success,
1688,游艺机出票机,源头出口可乐饮料机全自动投币自贩机电玩城商用出票礼品机,http://detail.m.1688.com/page/index.html?offerId=837654969690&sortType=&pageId=&abBizDataType=cbuOffer&trace_log=normal&uuid=5ed074f58e55478d8bbc2b7c6b5b2b5a&skuId=-1,837654969690,888,,,广州南玥电子科技有限公司,http://eparkgamemachine.1688.com,,https://cbu01.alicdn.com/img/ibank/O1CN0121gy8n1RszfA8mTG2_!!2216804442168-0-cib.jpg_460x460q100.jpg_.webp,2026-08-11 10:34:36,success,
1688,游艺机出票机,32寸自助取票一体机终端 在线下单机 门票/电影票出票机 游戏互动,http://detail.m.1688.com/page/index.html?offerId=648503172057&sortType=&pageId=&abBizDataType=cbuOffer&hotSaleSkuId=4692967556332&trace_log=normal&uuid=5ed074f58e55478d8bbc2b7c6b5b2b5a,648503172057,8880,,,深圳市万马电子科技有限公司,http://wanmaytj.1688.com,,https://cbu01.alicdn.com/img/ibank/O1CN01W3ufuX1u7T7fdb0Al_!!956775990-0-cib.jpg_460x460q100.jpg_.webp,2026-08-11 10:34:36,success,
1688,游艺机出票机,灵珠彩票出票机游艺机电玩城游艺设备打包批量发货AR体感游戏机,http://detail.m.1688.com/page/index.html?offerId=1059551588833&sortType=&pageId=&abBizDataType=cbuOffer&trace_log=normal&uuid=5ed074f58e55478d8bbc2b7c6b5b2b5a&skuId=6100888916063,1059551588833,3888,,,广州市宝丽电子有限公司,http://baoligame.1688.com,,https://cbu01.alicdn.com/img/ibank/O1CN01bSpp5R1chy3N8EZ7O_!!6000000003633-0-cib.jpg_460x460q100.jpg_.webp,2026-08-11 10:34:36,success,
1688,游艺机出票机,小程序数码彩票机电玩设备自助投币游戏机马戏团商用二维码出票机,http://detail.m.1688.com/page/index.html?offerId=597896650438&sortType=&pageId=&abBizDataType=cbuOffer&hotSaleSkuId=4163822269088&trace_log=normal&uuid=5ed074f58e55478d8bbc2b7c6b5b2b5a,597896650438,310,,80+件,广州市冉悦电子科技有限公司,http://shop23a28630947f2.1688.com,,https://cbu01.alicdn.com/img/ibank/O1CN01LIAnkf2DaIrfmKFQD_!!3907498625-0-cib.jpg_460x460q100.jpg_.webp,2026-08-11 10:34:36,success,
1688,游艺机出票机,游戏机管理系统刷卡终端货币机会员卡充值收银系统电玩设备读卡器,http://detail.m.1688.com/page/index.html?offerId=1064858978574&sortType=&pageId=&abBizDataType=cbuOffer&trace_log=normal&uuid=5ed074f58e55478d8bbc2b7c6b5b2b5a&skuId=-1,1064858978574,330,,,广州市冉悦电子科技有限公司,http://shop23a28630947f2.1688.com,,https://cbu01.alicdn.com/img/ibank/O1CN01ka3xYO2DaIrVxFMqt_!!3907498625-0-cib.jpg_460x460q100.jpg_.webp,2026-08-11 10:34:36,success,
1688,游艺机出票机,魔法奇缘彩票出票机投币游戏机电玩城通用机型批量打包低价出货,http://detail.m.1688.com/page/index.html?offerId=1056029773885&sortType=&pageId=&abBizDataType=cbuOffer&trace_log=normal&uuid=5ed074f58e55478d8bbc2b7c6b5b2b5a&skuId=6097008409056,1056029773885,3888,,,广州市宝丽电子有限公司,http://baoligame.1688.com,,https://cbu01.alicdn.com/img/ibank/O1CN018yqkItv7GWB1Veq0_!!2222172240274-0-cib.jpg_460x460q100.jpg_.webp,2026-08-11 10:34:36,success,
1688,游艺机出票机,出票机二手电玩城整场设备动漫城开店全套游艺机电玩城钓鱼游戏机,http://detail.m.1688.com/page/index.html?offerId=1056798093851&sortType=&pageId=&abBizDataType=cbuOffer&trace_log=normal&uuid=5ed074f58e55478d8bbc2b7c6b5b2b5a&skuId=6098256465958,1056798093851,2888,,,广州市宝丽电子有限公司,http://baoligame.1688.com,,https://cbu01.alicdn.com/img/ibank/O1CN01oLkr1D1Saxq02E6nx_!!6000000002264-0-cib.jpg_460x460q100.jpg_.webp,2026-08-11 10:34:36,success,
1688,游艺机出票机,新款商用弹珠机投币售珠机出珠出卡片弹珠乐园商用礼品机厂家直销,http://detail.m.1688.com/page/index.html?offerId=1068458241452&sortType=&pageId=&abBizDataType=cbuOffer&hotSaleSkuId=6116917440247&trace_log=normal&uuid=5ed074f58e55478d8bbc2b7c6b5b2b5a,1068458241452,188,,,聚慧谷(广州)智能科技有限公司,http://shop4090254675e19.1688.com,,https://cbu01.alicdn.com/img/ibank/O1CN01aZQCSj2JiuLv2raZq_!!2217270369456-0-cib.jpg_460x460q100.jpg_.webp,2026-08-11 10:34:36,success,
1688,游艺机出票机,新款幸运凤凰26寸打鱼退礼品扫码棋牌室台球厅自助游戏机,https://dj.1688.com/ci_bb?a=6777&e=V3QgZbC4kV7uz2JvEY.jW8Aw.G7h2IrCjG0m4r.T1u9LJ10U5WjobE71TFoEK0YG7pzqWevl9IU2ncPPCubZgZk7JtaTY0XRQOePGLyUs3y0mRSDSGVkCxDqG-BtAvX6M60Xzsfn5ThI8aDXiH6OrN2b0ToEFYGHrOSG135R4Pom3CGEOETMw4m8a7F02dMsgda9n.iCkDh3SB5twXBLAMoOdlqaAsa1puGD8v.oGIcyWG1..xP-P39hFV7Li7XL6lsM9PrEsSUzCOCP8cQSQBIJFe4OX-P9atpxnCedG2NA1rTfQaNo58zujN-L3nfwdVrnb4LwXz86Tds9vnrGnW.yaFkvcowMkWZBvy5cxGeBmxlxm60uX-FM-cdB9y.gl4AZ5kdere1e-fu8bWOUY7aA-uRMXBjj3.ykFoKbhrH7wNTah4opAW2Gmzcvb17irOSG135R4PpZWdKDnf4yh5lvRADtQs71uKvREUJOBqBbRIRgoYCKWxPg8nzESBn.NbdKtRqKme1sdcIgRfkn8NK3FD.8i4FjftFXo5ExRcCFVJFnXhXy4trvnj028X9ecLCCUgSnI4brmks.MLraS.zzc3ylpMlToDuGkRP6-JSDWB9eMezddLdk37zmlBhLnaEVJ4yUBHd--0-voQJ5X.GriXYax0fblikzZ0sdzc-8sNzntMkd9PEY88c.lsRZcV7huMwVnPgIJplwL88AL7pAyaM3lIiFmafpOs3zDmxnWq8I3i0.vjLO.N71xzYkTsbw9MO3QxEObqdrS633nAczsGdXx2DEslxXBZ3L8.S-fJT4YgivQ71lf7-aWDDnsE7YXiW.sUFg8u9B9GrEHN2nwmSR-q.2oNSeQOeXIFIoNVMwzA36UaostRm-aOMbMtXFinZ76crEDl4JycdWFpoBAzWc6LhEG-liRVAOXEc4Ofe6uepHl4SUr2o3DR5On1W1cVrpfPpZg7Ky2OdIkYBsf37WyXlfbU1LcjIq5POX8ieV4p-SmDEPN5xUox5VzUl8wQQjcJcJmmpvsjOUUTCSQ8WvrkDCDaC4IpUW8vXQBub-Sq9d9K99W.VDg6Ty-BsC.ASWWUatTwtOMGhEmh8E2Ac.8BMu60YK9Fo327d9VPYLr5qYf1WvENXOykjFv15d9wqAch4TxUnOMdZI2ykld0.5ap7xZ5NxpJb1-ouM3cXeHUyR3BZQg0k00JsoCrZL2rUNX9NgO9YhVbfEw4eItDFr6qEX.0ZLl9e62UpGbx4PPt1tCk3Ru34IV8xc-Op19MzDcI7raMuPevnfBGpJFb6M7IyzisaV7fJm-7aIsyuaoVK5jUlNXgheNi.nRRE8FOS-CYBzb0AawkBlciij1zetxhQdbfd3mco7FlALvMhJjUePQ.mvqblUwfJ7Jfk9HxoxypGI6lZPsjjM4b259w41-QKsuSGLhJqHbdlcpGgsEqEGB4fdMcjyvM5sGppOasj3JSXqv22jyv9GElsI24ZrHlOyAcjDdIbkJ3-wGCzwqnC9XNb9iWGAa-YpL5NDw6LYyrNovF2sEsy0upwokbaCnHA0PQ32xvD02dctoHnKTWKoUaCkspBHZ0Wi1CoVPl-ni9H2-Do6bazvMmnsS122-Np9K8mlqP9RkS0WkFHoyH8EZD8vhzaJHszvfHIQkLY106jpMn10hQk.VmEOTZVS9KdDoqtaS4JtW4vXf3CT0MTs1sDy4Zlu4X2pZjkLiCB3MyI6ax5e4NaKn7gW0S7V6IO2F9uNbNUl9jYS0CMSJ6Yktcli4Vht5CPcHfTrFD6Jd6C7GDg2Hm-Hz7PnipEN.-Za96SO6SPygfVWU2Ekj6sBRye3aFKmZ2KNjb9dR8QnkoPmxXRJ6JVO-6YKEP8bC6jDLkAoGJOYQmmhXmXwqrNgZFkeTMik2hlq8TtTpLImhdnFs40BVmsHLChhqXpz-7cyD5FjtrbzE3Yozsivtbw93Q7ZSHulx660VBluWWAapUd7lGDkPqKX9tdeo-XsZrX3CBYdUCtPqE4_&v=4&ap=2&rp=2&idx=10&sw_check_ab=1,963307426710,2500,,,广州彬皓科技有限公司,http://shop64y0z03p67982.1688.com?tracelog=p4p,,https://cbu01.alicdn.com/img/ibank/O1CN01YK9ZxU1zO1uWiQ2Kw_!!2219783796703-0-cib.jpg_460x460q100.jpg_.webp,2026-08-11 10:34:36,success,
1688,游艺机出票机,大型电玩城电子游戏厅游艺投币VR眼镜丧尸对战枪战射击游戏机商用,http://detail.m.1688.com/page/index.html?offerId=1070967081337&sortType=&pageId=&abBizDataType=cbuOffer&trace_log=normal&uuid=5ed074f58e55478d8bbc2b7c6b5b2b5a&skuId=6284703454091,1070967081337,100,,,广州乐跃星游乐设备有限公司,http://shop47077t9166y86.1688.com,,https://cbu01.alicdn.com/img/ibank/O1CN01pZTfAC1x4g15y86Ld_!!2222225006390-0-cib.jpg_460x460q100.jpg_.webp,2026-08-11 10:34:36,success,
1688,游艺机出票机,环游赛车电玩城娱乐设备游戏厅文审机台彩票机游艺机大型商业用,https://dj.1688.com/ci_bb?a=29841&e=ADAovB0908IS.GYY6kNppYVhZtabLIedFYt8.KzBKOsMMY5VGv3O8ta.MLNdHpmVOiXCsiDxyY80k1G-fpJoFnQwzMk4pbKMhRwnv5uDeCn8G6YZwhbp4.FDSQJwFbggJfGbtHLtyNLpCZfAVzEm4XArnhHFmTLX0SUQBI-7kJx.-tY9MCkFTOMWBjSczypN-ajfn8OsYFMBaioXgqjfyfscDZVz7W2ElL6SYqQ5FIc4srZ0eAP4dcX4Epai--ugxlC4j4C-W19rfa3PgKTHfh11s6HT-gpzQNy-u0ypa8mOi98ahDsKgtknNp7GB86CVCWvnaWsT4UX8qDuxqIPBJoQnR9g9QCicsEtOYdvnuM3n4CqT2gIwNRpyVl7ZpkYx3wGzE1J3D20Um9PfU5X7v4pgsZ1aoRdiHRBWz2z5so4Dv6lbVFPJX0oOgLObFFtxm5oAhAgwE55UPfPUEQ5rIHSexWxsad8blwjXI7ZfpwLd2mZxQkjGARzVO9u3JEEOB2ILN8Cl9BilTot.dVGbGyGCUzZ5mBvzkreRvlk.2LRJRAEj7uQnHR6e415l6IBoBZO3YJGOTrEnnWZ-WRjfYW-ZMvxUPXXlDoK1dAAeToSilMj5F14c1ux3fg3TO8.2L.9.9PrRG00NUujM-HDBLUP7W-owUrn52evuNWTKDpOdqcIZRMOyxe1EZ7O3gUTUhjRFgWNSJNqGNuKBkpYvZTWixde3NlyEoX1hpnVWxN7gDLO9kDR1cqYmIIMWiN-x.mjmROS.ivkVk.hpCYH3-CWpdybVexB5Zlvd1xbRS0xSUxx-KFIbTXcsCkmMFHOqiZF0YM.bZt1LYwVorgB.HFsctTcX7V-qTFmPId3LA0o6hxP7AUkgh2zOoxNs5ZZjSyQxoSanJ.OJfduSUStA.GoCzcXdRX.IBqi181vjtAvtrljOpepPYKjan6Og8aYv8PCgClXmbjmLewqiet9OlbQiKHc-66JeH2dKBbsa0GRaiUYA-GqqmNKcrvvSohwLLiOo3fLLZenRZ7yYQYEAjgNzXH0zIwkQ3JAVLkZin4v1MyJB1rXis4Ly7oIFETfZN1h9Vyfm6AykYYOBv5lgpw7.6a6qlKdq3p8UaqFtF95CG6TGqGxct8kNor0ThI1DE67l6XhJQVZqxgpRyYOmt6ykkLLq-MThhoBABwLNURPsiCHdWdrz03KHdjEyY5THA4bAKvwZyX3QffF-5tjwXxkmjslyIcCL9TNa.7Ta9OSrw-OPgdjdrl2dTIMLPrQMBy8chCtGA24h4r6Il43kYI-tP6YQKls9ipSdm7pYDHJR7tTqldrFo8lXCZtQSQltKz6CqWcfPf9THNr75vBj7vVX8upZXDGMBnwcxw-KiYFf6qIc7EeXpQDBenPpfADTxjEa9Bb.yXl-APjjPyrfMUL-XhWn6JfXS.bVkzGk-U74waYItray8urMkzUq5oP1IgZinvR6j8B6H6HRKC49ScRT1pGi8DYmiOW.d5ZpSXi3xUCcf.1mE2iT5sU6JOjmQJEF204uE88BIH73sFRzgpqiw6J6.0oHd5VEbscF8nQoF3N.dPY7YR2HPgQNJnn-OBeH7JBaRQiserxqsifSXv6bGLyDFy5MTTr-EBzQKqgxV7aLDLK8.mRKDFilZRFpCbRwC89EhF-7TjhQBYJmhjDFiJ29zsPIgzot3Q4vGdq0rAuZQv8R5Xm-bA3XJCZnkPLSWTq4-NZoj660eGDklm8Dq2CKm83RTnXBouPwri3LzHAaHbX9kQDYUzn9WZ.sV-E-k.v08iATm0DkIkq.e8vaeIzbwNYTUndiESvyfHUTIHw1GlwKy0YrBDK9jegNngbDEWFxTf0ixCuwMK4VtCBUfkfHJsH1hZCd85h2uoP32wVMbInYZTy-kPuYDL1x9VJdYDcM1lUS-B6VUXQnLHMRnxtCBW9yeSm7v.MBH8iwf2N8SKWCKeML40uZu0QGUVR9H5v-mhi3PcmTcDavJOkqpeQNend9sjDBIL.JRsouSi23EAOQqF.s8QL9Olj-6SEMhZ5cCr.kUhWoo5kMQ__&v=4&ap=10&rp=10&idx=12&sw_check_ab=1,1017717870372,620,,,广州年宇动漫科技有限公司,http://shop8656n6ls45411.1688.com?tracelog=p4p,,https://cbu01.alicdn.com/img/ibank/O1CN01X0LPI11qkAYKcsXYo_!!2221546465533-0-cib.jpg_460x460q100.jpg_.webp,2026-08-11 10:34:36,success,
1688,游艺机出票机,海王觉醒加强版 电玩城投币出票机游戏厅 大型推币游戏机器娱乐设,http://detail.m.1688.com/page/index.html?offerId=991851947862&sortType=&pageId=&abBizDataType=cbuOffer&hotSaleSkuId=5967662917988&trace_log=normal&uuid=5ed074f58e55478d8bbc2b7c6b5b2b5a,991851947862,18800,,,深圳市斑捷软件科技有限公司,http://iuvgame.1688.com,,https://cbu01.alicdn.com/img/ibank/O1CN01rsp88F1u66LiLEUhI_!!2218851645987-0-cib.jpg_460x460q100.jpg_.webp,2026-08-11 10:34:36,success,
1688,游艺机出票机,抓娃娃机厂家商场大型商用夹投币公仔游戏机韩国日本儿童游艺设备,https://dj.1688.com/ci_bb?a=6777&e=Q0LL-MZQLhTuz2JvEY.jW8Aw.G7h2IrCjG0m4r.T1u9LJ10U5WjobE71TFoEK0YG7pzqWevl9IVusvLoLsmywqHJtZnj4yf7oFYdXvHcQaxMaqiVizJoPhDqG-BtAvX6M60Xzsfn5ThI8aDXiH6OrAr-Z6RBkgUHfVWBc1tf2jK4tETo-lpq1uETpUUwbMX4oht3Pm9g6v3UVK4iXCTi1aTR1af8RES9z4ez-GshgIbJZSy-U5Dz8TD.TmQliw.h9P-fViEvKaVDFhqqGonTs0Q4tMR2mXmS13rtrKeaVj5BJ-wk9j0-Cfdi03nr72PzZ5CuagHMMK6K0csgDaZLgzGCULj59KneEBAVZvab7VQt6T875tuSaoDlAtCTSYv-Uq62XvSRak4gvp5vQ7PJSPqeOSnsMwzC7JLIZN6CJ6P9RWzlLCKuJVRnzxScmIJbLBMFJILj45p-ZfW.f-kYYiOXgNwUJYvF71GT9tWtr5M9XD3rj29E4aoN9gLLLryy4AuytHCA7Gc.MOiiDO8sS8V9alPmQ3eUywKLU.9yFtZnpNMeFutoVAIda12311CizGSHJclFEdT8M5-HVink4iyYlHtlHYMWSpIIU7VDB57u9c1Y0FOte0hEto3c4iAJDCCckmZpSX7EikVXrKD9z2z69rYiHoZMPJIM6713PM8CDiFNzAFEU8zeEiV6v5S8d3kcAjgjvhhuSxSPL2A7GjrFUvCOuGWxUe-e1YsTi2X9nsgEv.V1N5Gn4bLlOalR2RBPw7oQt0CZvGh1SOC1gz6PbgL07BHyWUrngSP8816W.LCKMvatLSDONa1FwmpICBBrZPr8KrJZMQiL3BxBYJaSJmdSPuVeglSvyqeC8EQEn2KKEEoyjTS2Z7fcXY-xRyH.v2Qjn4XBP3O57sJNrGL5YqsGwmMqE51u1V5d3nPTfvRWlaXG4r09UmkEHho78FL45mQZGoi5PVbelTGUUL5bMzsSdFgpXCcKutMu7t1n6j-E2fz.jep5NM37zTQE9tY9md2bYpjtRUeeUigbu.dfM8abvXyecZUODLszxxIapzY1ETLP5TTcbF2OewpNjviPTOSpFdYPiEw1J5DE2cPiyMOSz0f3oqkTRwIsjKB39y-AKb0zhYldA2Z1JAF4ckMDxGzKXV9S7CZeGhyfHUjySbGE6UFxnnowrmFuiehAesVlJ0wZYRKG8WeW0qoHszovnGFwRsfbWVpkhe.RoZ0nzZd9eH4dY31tbIpxqa1ySk2JIfIYBsIClCQKXtkSbz9xRXtp0IYqBnDk8bRAwOEoWC5ipfjPv7VBJaSR6Ol.PU7cyJf8bVfLXfC0ps17G.9h.BAGD6e5x6j.X23sb.eWRZE3okVNNIpU-fccWQtUjGaQTu2o47azIrc1jPn7U7UAI4iJqZMTQcIvGe2eidGU2m54ZWulc0qdOzEga3lFuK7MOHYqmtN9TyyXwO1ioXM97NIJtv0tkeu-FVY1onTfkJ0HIPAOi4ZZLTYUH3HzFmNiVh0LrEK06ibzF5eyCnX.uFFpJYDIOYd4WgQZwjRyymKYJuZkQaDPtxk-cVVa52p2vMKoQRl6RzjcEOgILkDRpR7K1vNuGe3EIrsfMYkZeeSO6aqGka93jZx28ixqJGBWSHM0edQpSaujIhYrecQXJs9NIguB8MHaRjhMiQQNQqpyY6z05KetwqU7jdz6Kgy.NbZXGShJR4HDLbMl1wWL3ECuSixeJW.ljG-SsgioYtA4uF4..3--VVBjz.LK2v3geMpN3tdHHSprqL4cNyzgHBjfGMqcUXGAivcTUeKG.0mdnBUMEgNoUPa7pnRsKzmHt7WBz134Kq3sG4SkW3v.Z.TV99tejFL5re4kSeS8C9WIAgHX-FHDQUBE-R4gL.J5QWXec2Oo8JEQfFlzBuNLqjKZmmY3da9iN7D0KlZzYhMzIroh36dG35cjSiCieJDeyX1w9XMxoKCXClR6L8vkSuDLEkVhxIlEWJLKHOZ0FllxN2K.gxbaxKGoysNBD0oVPfM5rhDkuGPg1i3W8JthHvHTR2IIM1Pg5-AaAnpKPPxojJgi&v=4&ap=3&rp=3&idx=14&sw_check_ab=1,807170009165,430,,,广州五花海科技有限公司,http://wuhuahai.1688.com?tracelog=p4p,,https://cbu01.alicdn.com/img/ibank/O1CN01VmoGu01N30DFyi7Rs_!!2200699711513-0-cib.jpg_460x460q100.jpg_.webp,2026-08-11 10:34:36,success,
1688,游艺机出票机,大型游艺机出票器JY001极速6彩票机长短票游戏机TL001极速4彩票器,http://detail.m.1688.com/page/index.html?offerId=674194646861&sortType=&pageId=&abBizDataType=cbuOffer&trace_log=normal&uuid=5ed074f58e55478d8bbc2b7c6b5b2b5a&skuId=5020759090800,674194646861,55,,10+件,深圳市宝安区沙井鸿泽动漫产品经营部,http://shop1465405349156.1688.com,,https://cbu01.alicdn.com/img/ibank/O1CN01ce5yta1dGllFNEOln_!!2901993709-0-cib.jpg_460x460q100.jpg_.webp,2026-08-11 10:34:36,success,
1688,游艺机出票机,儿童双人射击枪击游戏机亲子乐园游艺电玩城出彩票扭蛋游戏街机,http://detail.m.1688.com/page/index.html?offerId=842534999293&sortType=&pageId=&abBizDataType=cbuOffer&trace_log=normal&uuid=5ed074f58e55478d8bbc2b7c6b5b2b5a&skuId=5617576485628,842534999293,129,,,宏牛动漫科技(广州)有限公司,http://mengniudm.1688.com,,https://cbu01.alicdn.com/img/ibank/O1CN01EEinuF1QOThg9Y0FL_!!2216453261966-0-cib.jpg_460x460q100.jpg_.webp,2026-08-11 10:34:36,success,
1688,游艺机出票机,新款超级砸球出礼品机抛球机电玩城游戏机商城亲子投球游乐设备,http://detail.m.1688.com/page/index.html?offerId=1064558831590&sortType=&pageId=&abBizDataType=cbuOffer&trace_log=normal&uuid=5ed074f58e55478d8bbc2b7c6b5b2b5a&skuId=6278519866508,1064558831590,100,,,广州乐跃星游乐设备有限公司,http://shop47077t9166y86.1688.com,,https://cbu01.alicdn.com/img/ibank/O1CN011vdZ6b1x4g0sbwtWR_!!2222225006390-0-cib.jpg_460x460q100.jpg_.webp,2026-08-11 10:34:36,success,
1688,游艺机出票机,商场游戏机游戏厅设备电玩城大型商场动漫城游乐场儿童乐园电玩机,https://dj.1688.com/ci_bb?a=6777&e=F.-fuXp2SZXuz2JvEY.jW8Aw.G7h2IrCjG0m4r.T1u9LJ10U5WjobE71TFoEK0YG7pzqWevl9IUbysGXWCuTQiQvCpKfbOrBCs2xvMk7SxOqK01SkSb8Latj0W.CPqYTHQBEbARzF9BD6yEOp3dqKvNdwhua6EXpym3eiV8HQ9iSPECL3gK1eSaCFx47cP5xOyNjfy4fUasqBGbTR4IjBL92.El4jhKFf-fPt7jB5qoR05qkhkd6NVaXvkU-EgAZSkZ-RhiVLytB7iVJFXSIuYHVZOD4qvdGzmTaqOsRUoTrkYAjAwIVxE5QYQAK5avrAPaI8WOHjWngZN1Ict7OExee8TfZigS9LgshcMMoolYiQdft3FSJjAPyh0.TAtWedRnxKNajf-rb4sNmkOHt5Z-xjYSCSUsRtOPBi9DS3LFk4Ks8Sn6Z1blYUrLlRTxXty5IaPkJVeT5CmY87UhB0Q-rZqvJVGF39UXpnSU9gq4e5L1Y0kTr7RWU3UckFIT6GABvTIh7-uEoOmvsxDC4PfQvsP4SnB11ze3.Z4gOV0zdy.DGXcemo.F0kaA.8RyViZnUyS80mVyWAkhLS8nHin4tV5970rT3ZfW9H275WQcJcbkYKbS5Sw4k5-XBwe9H7osLZKQFF4HzZYNJenavh4Ir8aUl.i2eQzPYhat0qltsW2KNsN2cSyOLCFNcnkX-4IJJBJvsz3xgOo.nEtj-0QqvjD-q7vOtL9.2.yqzzzFUwYNXiUCBOYP6CU1TcCCmucSm6Fn5tF3ET6Wx1okaP2pIcz0HxMgxE2S0VxFJB7xHF4XRA-MR672uGF35IO9nlv9lrCcUBa.vL07o8LcVPj5bvADTHk2kUg.tn2NYcFMwDfFkAjxyrO7Iv2l1b5xxJ5NSSD2kraTHzIrg9VQvsSIK9xJcrd175metR63nxMwvsjJAB4mtq4XCKKFgdWyGgqrABkDR-68xn6FDx.zmx1u95C4iT7oIDYmJtbWyb6T3WJYFAafNhHl-rxqKADJQz1t3Inb.Mk7ED5Ld.yLMGjN-WXrNIvXz3Yh-4ykCOu-owA5diM-j39I0Ec0LcCtAfQTe.EIueGtqHWWfZqMuu.FVQaxEphdV8AE4MH8GwDM90KHAAHJcB-EbD9j3wIqogk5rPl5QD.uIlX91YljPAz14NX2DitrFDh1t62wx7rKfIKvrqr3qUMGsPvuyRFK2gDmUmKCROQ6PqMb.wV5GFhdgEKg7pbN7jPrSQ464OxlaQf2j1OiNdWsUB6XzKTijnmsdhIfUIh39CgPjvleUsOPbTnwtQbr0fI4hIWARvq79HXg0UZpgspMY-1Z3-fGN6E5f5pULVQ0aj3mcGasETKn4E-yZOr8gn5oW1ZV6CYtg7oGWrluz6rjTHeokbaOPGolRA2dNVaUdVeGAOAqRzO8QRf5TueJ6FelkdF2Znet3JRHV5o2z2LzBaqu8gG00DXYaiK6ZFj2gjk9hBGEPLDBmmZONvpl4nWV05fn9zXCfYMl99Rvuk4IZQh4dWMJmkADxdUB3oGpy6v4IF2jSZZapwyJ38NCmDr39pC0FUm7GeuwT75zZ7cc.yAYva6bUU1KhgKdTL-5hxIZr4zxoNVor3ux2BUz6isP4pk3ic3hPVhExACuTTC.K1IFWp9aO1p4ajf5aRPmrqMZIbdziwB8PIXmCrEuuRD1.ckdLWoxzBHY3PeFiFZibolF9ErqMFFk4U2ELj0uOKCqNx4jFaWwrOYe3tYHPdjuE5r-qoAheDPpHTMkD0wmITFqwS.mvMORYlQnRgUzXK-pIEgUUa4UsOwE2Th9PLpcer6lJz9HQE5lvMhagToVh23z-q6xeemt2bJRzOQ1Q4jwvNvqfUqnowGj-GyYSEEiWT4WFUGN-zKMS-kOjPzD16iDX.UnqCuX.xplFDbgV5LloMezmG5JX3g8U9HlEFmEV1Xp4SOB6zTzbK9zD50A3rHsTaYYWKM7Ir7W8Pd2eKWxgihsM2lQZbllgGqVHe5Rg5D6il.b2paUSw.1cv9Az8LygyeHu&v=4&ap=4&rp=4&idx=18&sw_check_ab=1,642999087992,250,,100+件,广州艾玩智能科技有限公司,http://aiwan8.1688.com?tracelog=p4p,,https://cbu01.alicdn.com/img/ibank/O1CN01uzeNQA1xBXm0DBYrt_!!4012546405-0-cib.jpg_460x460q100.jpg_.webp,2026-08-11 10:34:36,success,
1688,游艺机出票机,LK-007万能数码出票器彩票机出票设备通利品质游戏机出票器,http://detail.m.1688.com/page/index.html?offerId=988014490030&sortType=&pageId=&abBizDataType=cbuOffer&trace_log=normal&uuid=5ed074f58e55478d8bbc2b7c6b5b2b5a&skuId=-1,988014490030,108.01,,,广州市杰乐动漫商行,http://shop93582535604t6.1688.com,,https://cbu01.alicdn.com/img/ibank/O1CN01swiT4M20eLd5Nk9go_!!2220254956874-0-cib.jpg_460x460q100.jpg_.webp,2026-08-11 10:34:36,success,
1688,游艺机出票机,游戏机彩票纸游戏电玩礼品兑换票游戏厅动漫城游艺机出票纸长短票,http://detail.m.1688.com/page/index.html?offerId=782327660375&sortType=&pageId=&abBizDataType=cbuOffer&trace_log=normal&uuid=5ed074f58e55478d8bbc2b7c6b5b2b5a&skuId=5778435925057,782327660375,300,,,广州美佳动漫科技有限公司,http://shop736338qw34q82.1688.com,,https://cbu01.alicdn.com/img/ibank/O1CN01FDIubI1dsKQgrbDle_!!2217735763791-0-cib.jpg_460x460q100.jpg_.webp,2026-08-11 10:34:36,success,
1688,游艺机出票机,商场游乐场彩票机电玩城爱神之箭游艺机双人互动投币出票娱乐设备,http://detail.m.1688.com/page/index.html?offerId=1000964858188&sortType=&pageId=&abBizDataType=cbuOffer&trace_log=normal&uuid=5ed074f58e55478d8bbc2b7c6b5b2b5a&skuId=5989853989085,1000964858188,999,,,广州宝利动漫科技有限公司,http://gzblee.1688.com,,https://cbu01.alicdn.com/img/ibank/O1CN01MGGDn22LmgoIkrbQg_!!937509735-0-cib.jpg_460x460q100.jpg_.webp,2026-08-11 10:34:36,success,
1688,商用推币机,商用投币式推币游戏机 电玩城游乐场雪崩主题游艺机 大型娱乐游乐,http://detail.m.1688.com/page/index.html?offerId=987907568118&sortType=&pageId=&abBizDataType=cbuOffer&trace_log=normal&uuid=fa529845da7e4f4cb5877a7ac95b7f4d&skuId=5949885608150,987907568118,940,,,广州呢呢熊动漫科技有限公司,http://shop1490720662675.1688.com,,https://cbu01.alicdn.com/img/ibank/O1CN01RKGiZa2M45qfHYAH3_!!3174689773-0-cib.jpg_460x460q100.jpg_.webp,2026-08-11 10:34:36,success,
1688,商用推币机,电玩城娱乐设备大型商用娃娃机推币投赛车礼品射击商用游戏机工厂,http://detail.m.1688.com/page/index.html?offerId=951624315123&sortType=&pageId=&abBizDataType=cbuOffer&trace_log=normal&uuid=fa529845da7e4f4cb5877a7ac95b7f4d&skuId=6037859071557,951624315123,940,,,广州呢呢熊动漫科技有限公司,http://shop1490720662675.1688.com,,https://cbu01.alicdn.com/img/ibank/O1CN01kjSt6n2M45pAo6AqB_!!3174689773-0-cib.jpg_460x460q100.jpg_.webp,2026-08-11 10:34:36,success,
1688,商用推币机,游戏厅推币室内娱乐机电玩城设备大型商用投币游艺机商用大型娱乐,http://detail.m.1688.com/page/index.html?offerId=953857140893&sortType=&pageId=&abBizDataType=cbuOffer&trace_log=normal&uuid=fa529845da7e4f4cb5877a7ac95b7f4d&skuId=6038485398260,953857140893,940,,,广州呢呢熊动漫科技有限公司,http://shop1490720662675.1688.com,,https://cbu01.alicdn.com/img/ibank/O1CN01SUJcjR2M45pCnUjhF_!!3174689773-0-cib.jpg_460x460q100.jpg_.webp,2026-08-11 10:34:36,success,
1688,商用推币机,电玩城游乐设备大魔术师金推币商用娱乐礼品机游戏机,https://dj.1688.com/ci_bb?a=20364&e=ztPWADn5-XSR7o4IW05QeAKR3hwNWs1YhZMn74nn.yCm-sCxRmDydrebaLrHUaRatlPbXHjj0-LmKgNqR-N0Hde3sFhUgBxFzr94EfSxTQQXKSWaa4.TT81mIoAiOLl37-U8pHBkrdxXmMpMSAtdzaxjbD-zz9gb2CnYJgJCHtU7vK7NBwMDFfIO3XGsVbcar4lVoSCWUmplUpB03puglkpTJ8M5HC9yZ61JJBJPR619qQ1GfPh5HO3spC8Zm4Q7o4JBFKwbXkUL.KA3v-.Mx3n7ZiJwiEr1b.r-RBj.M5OoC-dmx6MLm5LIoFQmW0mnOsKJPp4kkRMeDQXeAI5bRiJ0G4SkxB6hKbW988BNzcSrqlVtcPr7Bmjtlp3iNwfBuzJu5RgN73DPZ4tdYs1XyYB.xbDbLHvct10B3QuLpX-fUz3avgZe0kDklT-lqRvp.0WhbVWmS16UFC6i6px74XtWCWRVfz4PmJucJ6xVg1HojzS1AbvTWQ7rGVujRCtNS5uoGf4wuLPOgTHx9fq9HZcSJFF9uwOQ8gd-oTIfs7rr89Gdj7INNjo7VkfdwGZC2F0RD.wWhQbkI5q2uIDP9A.jIsBlokBqVITK8gX.IloTwDsLZHru9GrP4i-5oZLEBBVNgC6pkg2d5sM2BMlreQOoUA9GGq6SK8s27rYeQ6Fhy6XlHfAmGvhLIIIufuPm5cvSfQfgy-UT1BNChGkFSHO9n9U3Nqh8jEdt6CM2EBq0ANdGzYD0q.YkIEX-ssm4cwYiT90pRNhE3FUwtdj1JQJaEKycJDoS3Wc0N2LMAtK4CASWQwDjzQpb5tEbItw1SjYuK-7rkCmQRyqDE.EguJcA5c1ZBfu4yc3e-Vf-L.4iYQ2HY5uO8Ojw.HUiPd7MhQGaiyAxZ7mTrqv-h0fgvm8Z585sjGnPIacnfdS.29kaLgvm5wmDgEsxooFEWl5e3MXQMf4XnMH1HnV6su2P-gInrpLi90WB377V80Vxo8FvGgGqIRj0zb7LIjddn5UUH7oJo3K2qEBkyF-gOZ1ISd.rDCaDKXvVumPzUMg--NzjWXfukz40VBPNkEXTf7p1OaMdakZ78890f8WFL33BMzikyv74.D-xPrQr-6L2TnbVSxUJYkaGF.TpfyY2P5WdCtA44VWggVrtCZ-1EKaNQ1uOEN.FFl3NJ.PK2FDQNeLKaGcwZM787Fq-Lch1-lAI4HIYpaWzsfLTdQTZEaIvWGvjnxS1gacT1y-3f166ArZ97O63ysIs8yiEmXHfJqHh4Tq-LR7yuxzxr.6mMmDkVI1PaJvoGnC.Prsha2TqbbA-G1nDd4ZMxdjpC0MPg3AnyHIN1QL.n4h-BN3d6fMuikzMkNx6pe7yHdnyhZQ6ziP.1tbbOMXYBh16N4TONSXpkksMCKH4X5aTwJZZNcx6XSz43D2BnTHCiObbEWeM3GKXgOSRJKjZ1JuwqeIRF.GUXEgPpOdBxivU5GGIB9v4dL1WmQnvZ8WQ.9ATFj2tmoelptMaSjOlEZBNahhwezpdySQqehyvxhCAVa0Y8rX-w6A5IXpwbYvp7BPPd1kG7PSFfhy0XmOIZ0xQh73PK2LXtYThDKXjkiknuSrcWOj1zZ7kP0.mBBNMBWInyauOt9zqkr8bl8D0HuhR4RUd.Kmd5bo0DWH6uVkoEJwkZJLCoz-L9ld8uhFPmV6VYoNIotzVLpWGYePdhL0H7ScDTQg29OBX.Z01dO-htG3YRdNmlHqFAZ3dVW0N0CKSU5UzBRQrUIRr5PnhdNfgtA0-5Nv668GwP26Jgxv7R08LkZ.DYSYDbnirulT5kp0IsA9wLzUTowM2pTvD.9dfRSojCOT9NukM6KYjzx4.JiocoXCUdrzd2.BdDxlEwMCvbZ9CDI24uzbKZ8GqKxjWXmdPuwmNoruuwnzCPXPnwvnfjeo5bjrzpWItGwOrkd-5PrPHf4mL1892RCwutx.HchWqjb-7qkY02PgthCWezTDBYyMUzDsHnMaxkP0ljfVsRU.V3f.YODqPLaOEv0qC9Tk7rVYWvxNtmayzTpKfHylr46w-4g__&v=4&ap=11&rp=11&idx=5&sw_check_ab=1,1016658227165,24800,,,广州百惠动漫科技有限公司,http://shop8507t960q3293.1688.com?tracelog=p4p,,https://cbu01.alicdn.com/img/ibank/O1CN01PngviC2IXAYJOw7Kg_!!2215098159295-0-cib.jpg_460x460q100.jpg_.webp,2026-08-11 10:34:36,success,
1688,商用推币机,推币游戏机电玩城娱乐设备大型商用投币彩票大魔术师动力火车电玩,http://detail.m.1688.com/page/index.html?offerId=840016656576&sortType=&pageId=&abBizDataType=cbuOffer&trace_log=normal&uuid=fa529845da7e4f4cb5877a7ac95b7f4d&skuId=5662711877711,840016656576,380,,,广州比比乐动漫有限公司,http://gzbbldm.1688.com,,https://cbu01.alicdn.com/img/ibank/O1CN01JrfSPZ1eoxB1hawaf_!!2216923473919-0-cib.jpg_460x460q100.jpg_.webp,2026-08-11 10:34:36,success,
1688,商用推币机,动漫城超级魔术师马戏团推币游戏机彩票机电玩城商用大型娱乐设备,https://dj.1688.com/ci_bb?a=2169&e=sXQTh4yMv5I3.mN2EdASaMpdoMRcUuhweHtoohcQoNtZapeymKclEn-Lj2zNt6MwYGDRHXCTKlF59Sna.iC.COCtcyltUcpdNS5oFkq-Hsm4iAzz2Dsn.L5eJxt6b5mu8Z26Nkd5.NDimfwh9jRFe9gTzWIfcStGRjwJWu2EdzhMGgm0BK1UI.nh5Z8BKse9BkoFyOtlMgh-mXmRIehbkGC-cYUBq33FIylUXXgzzsSGg5KvGacMk-OmG87UgVShypFZon.9e.5aU9jwPlHbG9eg.nac7snN1Jbewwc8luff5mn-whFrLP4j6gR2IBkBcNcg3Z7YnyIZM8SMWNS.7Hj59MneIRhlCQrDt9g1LE1XgJAdKCMDhaYz6Kj44ILf912scrlQKNbU1k7QGTGNC5i.B7Tp30UxOQ94JqKBaLb53.vvi6YdiLxpfuYdihnPe3ALT2Otytd-MmcRb7dlcn5pxxd4PhF2GDcU1fLPJEmKsDsgZX.6qWTaf4349OMj2.5C5U8W7p9jA9pQiJhFHFttBiXA1S51RjwJWu2Edzj1MAKAWRJ1siMjB.CkzT5HlUrjagOxRjWG.THWtNJfBIvBVP0fsjBfv.u4CyGg6I89YZdNcPndyH-k.hH7KVY7IJSnSSp.CqRraC3VIM9hGocaN8PcokyN48vJ45ciSIbzs7NuY6RxJfFQMF33h4GJw5BPoa3mDWZcsfJK7-FMIf.j8EbLkzb8tfIkHwx2ZyaGf0E2WvVHwsGKIa7tbQ7mAO6bXtYE18A-.ugy6sKBfFOGMG4SP5oTg6gAMPX4FQUaKKcRcmxHPvVnNs3LTzosERn-7FdSDjIUxNmvcR5u94KPLEJHASyVyspk4aVwIRgn0uY-W31rZxLRZUNRdxlGteNkwsMKx7.RRSKoZfLwu96rMTmm-9h2PQMHVhz4HlryatIwFFhM9Z6Fe4yA-FbYTW1BVLCl03wqgURE4szwRfuWAaw8E5TIBxQnlV.xHKwuqrWHPzqL1Nk3D5r-6iVIVTgQ.EpkQsrvZ94lvGgi6iq6HuiFUnM9quOyllV30UQBoJ6vlCLRkD.NL3yOErT7DiEnGKCIoKL12cqbct8U-3BpOpPWEmi-eI0pPygosMdkGe..wDqLNiB3jP4JztskH3eZ3eLPnRC.RFICRbiKCMjLnzM1KNDq9qRr6nr8yjDBupGYcB8BVQyMkzPhlaiApWHOKeNbfJY-be7QmEvne-4rjGhAFzZg3heiLw81j2WgHEzaeESbs5eiUk2BdG.EeNwmSevsYWb2mx.MZjzj2-4zT.tXnYrj-oSsfZJ2gIlW.Mc.sTjkZi6nj7BkYxCwqcFBQcuO9XUf73YGdbjPHQRuuvReaqkYRdDhxlVGM5pC686XFSLa3.47xVPOXS77DWH7z4hQWTUhn7QBsghMV05CUO.GDr5.nagLWKodyR4XRziGuKyytpzS5M4odqjm6X1FHfimUXv-flJbvt.G4J7vXULtCVkB7lS8Hxe6OZRw-WO5iwu4DSN3SLiepyV-cDL06KE5y62Wh.1Hl6jkJH4BTlCqta.X0nPanHhsTQ9rDuMF6-CFq6GlFKlQ9idL7vPMK060gb2mQ4.0gC6pQk6d-w4i0y8FFbpWiMUchI0NSQG2IfBKZ-dJEKzzmcT52Ahq80d44AMhS68EN.QV-ZY5y9qKrPpBC3tTSYWaROhHT3GUz-hWVtb9jOTrGpCKpnVJEXOZuQsxR0cYUHHHvZT8OaK0N.dmL-FUcDBJu4G1rHgiFTY4RJRGVsaidZa5eHBw7a62BbgnCp.2t33u614J4ZIR6Bc61JvsNVxB2S4rgmjBeKyNJ8lVVRV4JsCsUzNmQ5XWQVTZwfejivlY8tGkIkQrBWFvv6TK8Df43SKDJBssgk-9XdYI28R2MxKYrArnkpE2AHC2Sla5SNc1r8UC2.Ga3uSgr6Y9gvJ4CZvdOr1pvmljDIaDkq8ZpwyTtn2WGf2JVWKfOAyBaxv7nqMqD7GlZ9Spe3flLH0kdyklaaGk7EQ-VVfA-DPuYASrBt3AlXLZRZuBGegN1N8jmA__&v=4&ap=2&rp=2&idx=6&sw_check_ab=1,899444506492,300,,10+件,广州威鼎动漫科技有限公司,http://wdkj13650929498.1688.com?tracelog=p4p,,https://cbu01.alicdn.com/img/ibank/O1CN01uA3fG81ImHMZpquUx_!!2217607270935-0-cib.jpg_460x460q100.jpg_.webp,2026-08-11 10:34:36,success,
1688,商用推币机,动漫城超级魔术师马戏团推币游戏机电玩城商用大型娱乐设备厂家,http://detail.m.1688.com/page/index.html?offerId=1041371194078&sortType=&pageId=&abBizDataType=cbuOffer&trace_log=normal&uuid=fa529845da7e4f4cb5877a7ac95b7f4d&skuId=-1,1041371194078,888,,,广州百惠动漫科技有限公司,http://shop8507t960q3293.1688.com,,https://cbu01.alicdn.com/img/ibank/O1CN01Qd0G2M2IXAXj1UML9_!!2215098159295-0-cib.jpg_460x460q100.jpg_.webp,2026-08-11 10:34:36,success,
1688,商用推币机,双层扭蛋机商用大型活动抽奖扫码小型商场投币厂家游戏机,https://dj.1688.com/ci_bb?a=20364&e=EycfI.WZm3iR7o4IW05QeAKR3hwNWs1YhZMn74nn.yCm-sCxRmDydrebaLrHUaRatlPbXHjj0-IGC67f6pJCzcQIMLpPc1D8IfFrE.IU6e4uOQ298H.nOM1mIoAiOLl37-U8pHBkrdxXmMpMSAtdzaxjbD-zz9gb7F7mYmswkLbeazbBjEud5BA-jUfjic7rNHjgdUnJ-.UGUPPdWO3cZe7UDyjt5E40Tcq6qPcdB6ykNnbWO.n56VkkMgAlS347I.dWsHm33HGuY2miTK32Yivb1-Yl9q07PKTC1BEOdKnszZnptL68QoOozGMTkV6ajOlEx0lcnHrvzinUGP85QUi7RYUBWER.3OLJqx31TvxzZtf1jVc1fBNDEqLCAvhpDRscnQwRFuuUsBTkZjlbwjufusd59WhFAn1QzKC4Uq79J.QZXg8bfe12-W.yZokM9Jjcf9cpk4xH2EmglZtUm.FnMedvkvTOX7JnZ7ozI3pDxzLf3EN8yqEuj3k5N-u6QbGSVt2UISTY8w4LYO-6dqHmzwdmlr5k7F7mYmswkLZJR2EgiNzHfIOp.rwE7VBHONbZVd0v1Zp.kVO0d0tsGbm368QxHJbZecsBLaIMbav1wEADBW7HcFanSpelUGZRXX-eFLRWr8Cov6BBttsiKj1Wvx3MSvABzOPJXh14yeM3FsZd9IDyAscnNgtHaWIbGtexCwEpP1VUFiW2kD-aJ5qkQlYtfX5n0jkpPCfjhLrZH4KdGd3aRJTYL6MupvGaboJEuOQwhoaGnqjQgjtDi-X-vAHV0OP3YU9qrdFCPlF3PqmygvtNDD6JCDUhT7MvWxg.-hhi5sBugwYc34qIja0FRPhynJRKrUgcBf0gy9rlRlPde0xdNxFgDQmOQv560pMDCE-mbHTSpP0cppBidj0uIi0Q9usGQdvwdUAzDb4iqsHsa1oqYJjijcPxRaU7vMtDiV6nvyHfdgPbWw-oN8jKQPGCaPp3xuaDCU0aHzQYAL.9O51LqIvh.BAk9HO1SPvgqHU5XH77YJaoNx4jd2ubsx.r.oht-RWaDnaIFjBVjcrbwmSVxnGk3VUMhWy13yZNo8Mz3hTWkr42cgQhr0BVGl-zFBf3-NcxgmVX7Isb4mYijTh-5ynHB2ralMuyeUxYVyzodDcTmcEFwro9BXowMpIX7jwCi.yKTEmk21uxCBOr-vfhGr4l62Poop0TG4aApWQVt.-nSKiS0kFGPvmCRs8V5hxQoaJz3dr48KNAGw6mO6SGf8eL-GLGXc3t1deFp-O4VYIqLjLYnKTBHzcYhReOEL5c7yGdLpgFBE6u7sWgrFaTYIpxcnX9ftMf3eXlMCTpPk-DJMxCM.awVEi5EqQ3yWM61w34MRMRLMG2wM-vfs4gOYamHk9POQg-otQQoeMsilkxmtozz9ML17yaOnoE75Ckcu8Lm4yhUSutVASffOKqvBXmwwxvRDGTCpl00--EWNaxeHfv535feIlHzTKz7hK7OFbcpPFkQsZpbpnQpY5tk3aj0Z5aacVp3OAaQQ8WsEr1EZ7PZ3iIa1oTQaadaPjphw5sbhFM9EylEJn4-u32gkzlbwAbujpfhuojuUb07J.UHun..jiRYoUpYyCN7UfYKUR5kLGf-H3uE87pNL3linfctqv9aR7gwo01tcDJn0Zo7HV4Y7sWjGABhK6M-fVKCWolb1DFIvwDXdeYl.DecFJWEAYwSjizbpqueHK11hST9b8-J5vvgxLcyBwPVfdLsN5AamQDcV-3M4kJmOIEmnejvwUUM86.u7mvw.b9TgKEWyCPhqUTqUUC3lJDL9G.D1ov8VBKOJIPPTa92oMy-rt4eELVVM8sAs3Q1Xc4vbJcTUt7-rCa9bghkj2B1aoOB6hBi7Wl9gDoZrugsZCq1kxrDaOambrck81nYaa1EIV5QA994F-MTMHKy8C-H2LYlCwGcrdjm0.BikwISNuGskB3GmtM9ZA4GkPHTGF0cbJLmt-hluOH4xfDqHSZEmtKybSj75RIYMVK9MGtRHzi-OFrQuR5jcHIdabTWYfIm38_&v=4&ap=16&rp=16&idx=9&sw_check_ab=1,850146391885,160,,,广州美吉思智能科技有限公司,http://shop0580i336203w4.1688.com?tracelog=p4p,,https://cbu01.alicdn.com/img/ibank/O1CN01FeZfzA2AZRTksWENm_!!2218601128217-0-cib.jpg_460x460q100.jpg_.webp,2026-08-11 10:34:36,success,
1688,商用推币机,新款灵珠推币彩票机电玩城整场规划游戏厅游艺设备四人中性机源头,http://detail.m.1688.com/page/index.html?offerId=997399618159&sortType=&pageId=&abBizDataType=cbuOffer&trace_log=normal&uuid=fa529845da7e4f4cb5877a7ac95b7f4d&skuId=6282262326614,997399618159,25,,10+件,广州昊龙游艺设备有限公司,http://shop3426137z74353.1688.com,,https://cbu01.alicdn.com/img/ibank/O1CN01fz7oJ31kjM8qsbBnH_!!2220912604719-0-cib.jpg_460x460q100.jpg_.webp,2026-08-11 10:34:36,success,
1688,商用推币机,动物嘉年华推币娱乐机电玩城商用大型游戏厅出彩票游艺游戏机设备,http://detail.m.1688.com/page/index.html?offerId=828691299716&sortType=&pageId=&abBizDataType=cbuOffer&trace_log=normal&uuid=fa529845da7e4f4cb5877a7ac95b7f4d&skuId=5727673710773,828691299716,1000,,,广州晶奇游乐科技有限公司,http://shop5dv5975076831.1688.com,,https://cbu01.alicdn.com/img/ibank/O1CN01vG0EbH1V83fcjSxBj_!!2215928282607-0-cib.jpg_460x460q100.jpg_.webp,2026-08-11 10:34:36,success,
1688,商用推币机,动漫城超级魔术师马戏团推币游戏机电玩城商用大型娱乐设备厂家,http://detail.m.1688.com/page/index.html?offerId=757070533194&sortType=&pageId=&abBizDataType=cbuOffer&hotSaleSkuId=5767877503035&trace_log=normal&uuid=fa529845da7e4f4cb5877a7ac95b7f4d,757070533194,500,,40+件,广州晶奇游乐科技有限公司,http://shop5dv5975076831.1688.com,,https://cbu01.alicdn.com/img/ibank/O1CN01yCdDCI1V83fZxxGnH_!!2215928282607-0-cib.jpg_460x460q100.jpg_.webp,2026-08-11 10:34:36,success,
1688,商用推币机,新款星系派抓娃娃机夹公仔机商用零食盲盒机扫码投币大型电玩设备,https://dj.1688.com/ci_bb?a=2169&e=ukFewvuZ3vw3.mN2EdASaMpdoMRcUuhweHtoohcQoNtZapeymKclEn-Lj2zNt6MwYGDRHXCTKlHGg1HOt-NBnhtU-WbCBuGKyDUpQsyfPYHnJs75Sz1-hcnwzP8W87JCdu7udjTtc2FsfmvlosU1iYPEtpuURQTfNx7N3RavIZ-NuxC92.zvQycdAQH1WQ.AClIjMpz195gcgqy694d-O6KnagyKVCi-F0-Lid5.AaJs-1NB0Chyg2wJF.DNM0c0knJ-uWytRqW83JHMfTeG-bED8ch.zngKzvOnVG5sOLHIgXd6bLauktmXxu1hWDyvF7bYzz09slvCZ6zAcqx3U3OCsG.77k1BCIIAqn-MiO7FzphU8DOFx2ytWX87Wsj1QB3T2h-IanV8W18yrRwgaKL8oK5JV7ouKdRpID9Tu2gLmMg-f1aMPWLdVo1ryNVGMuJB53dWijBam3S592vWgiENdFORC76qMQHG.VR9b1bpzsL8PSrYecR8631gKGXGGL.XpOuf2v328Xpj3WBHeuPdKzxtnhTkE1pYg7ouQcKPjkbrhZV-MU9FSY5Vo.MlCEtl1tOkFumnlkKCRFLmuoA23SPLVdKDPSD2AsJZtRIgEgK8-7TjOWf.AFOGxjEN0-msCww9M7pLH7bVfaML9CnMmrwyzf7wHIfPGFoTWmqEJVO.k1dWS6I0MR33cpBCPC3Xa3HMoLZnhMMz5wwaZtwz-bSLV.g.czgWjDMySW01ICmiqYLrw3rL1cnSsxXM7kjfvlmPcTIEuu1xQCZwVGPjAiDOb0vOruwHKhg9cLJ39ZrMpRsvILlo3lNTcm51ZyHv8R4qK9torK6N-61sgSt64R0mXvLP-vm6clPd0cHEjKVaoEppuXj1.DpiGqTDiS5uvuBZ.I.rCpgLNVJwIicp3pe4IzjSFjMB3ecA79aXN6l-IpS12N9a5Y.hZrBeGeNELzIEagW6i1IPc21oen4tN3cpPiX2KB9d9tyS9OXyz5YFgjQhJ1Kjh7Z3OIm9-saRdbzUwGuBLDo4HJHaTkiNzNv9wVD1bf08avFFnEVOqRT3OJVSsqn6kTESyjEY7rubtHXuzb8xmdDsXsfhcESxHvLPmTbPgyG3AC5aViRQyIoJOCSspmYAumDwvy8pMUaJ2mFmAjOIwI0bvLlEPBF5e67MhbzlOH4Vjm8DhAn-NRqQiilJrEzbTFBvdasfMYGCtMF-MmzsOp.AErOGjYalT23bJ1lO77ECJ5KgfLVx9QpYIo4sRwfDTCpLh-yDXML8kO8gqQsn-gOuIRWOfFqy0ZL8j3sCzCqGwTJSlzB0ug0L24xapSQ-4h60Vl3PNZlzFU5poJty9VNweMkB4FrcGqjx2fhx8K8kbVIL7Npnm59B6Yy3eBEdQuT-YUjFGVgZ08iD-y772hRwZ..bji-iBYwrE85PaobrXaIC51mU9XmhbriSFxCD18.7G7F5bL3qwlfhfw7zzQyz9PfUo.jvzYNbV2foprsN.Cv0AbQRMN8UIt88PVnt1MyD4ma13-Lv4Tr-EiGViA7jNa2KTZ-mFWRcjCsJghNioMpq5QNMQpzyQ4tTgZgy3jR-Xmb-eTXcVlq040vf.P.gOaNEHmK14dQnrPllsnV42CfrTEfzir8KbPWg.UgVYcp-4VaMi1ntQ.0645VJKyENjT-k.g5pUreAI2nCCy7LNjBVJE6PAyH2MtFE6aZd0562ZUEbM2AvFWUs2P7ifVXpFGeDFLWYL232YqTARstSPBVeacp2OEDcKLCheF4MQvkFgpNuc5WhY31JEhlMcCsNlUsQnGuasLcnfmgRxw12QnM1MoVB7vjU3-R0IY7BNlWdq6zOIxaQvRxDQxy.O9gFbagEmlMn943XmV1id3rIFSNYt7YrRA7rBlSmJ0QLKwx3ff8Pxc7bGuixbe6-t8y.hAauBe-q4xJSJRCA0GUqqloOTvs-xK0tYYJ6DI9iN6Bl1.G1JWGX7Zki9qN5t6.PG63a3LZDWMZ0abcCm74Nh5ZGJoBFYNY0vdSSo2rdO-SZ6KTM&v=4&ap=4&rp=4&idx=14&sw_check_ab=1,989215518345,998,,10+件,广州市调皮狗电子科技有限公司,http://shop1471067108438.1688.com?tracelog=p4p,,https://cbu01.alicdn.com/img/ibank/O1CN01PhI9yI29hrEWCbBms_!!2882938100-0-cib.jpg_460x460q100.jpg_.webp,2026-08-11 10:34:36,success,
1688,商用推币机,推币游戏机电玩城大型商用魔术师马戏团机器游戏厅游艺机娱乐设备,http://detail.m.1688.com/page/index.html?offerId=1046581804215&sortType=&pageId=&abBizDataType=cbuOffer&trace_log=normal&uuid=fa529845da7e4f4cb5877a7ac95b7f4d&skuId=6068638532262,1046581804215,100,,,广州乐跃星游乐设备有限公司,http://shop47077t9166y86.1688.com,,https://cbu01.alicdn.com/img/ibank/O1CN01CcjUK11x4fznO5r9G_!!2222225006390-0-cib.jpg_460x460q100.jpg_.webp,2026-08-11 10:34:36,success,
1688,商用推币机,家用推币游戏机大魔术师推币彩票机小丑机大型游戏机商用娱乐设备,http://detail.m.1688.com/page/index.html?offerId=1037214684049&sortType=&pageId=&abBizDataType=cbuOffer&hotSaleSkuId=6216820142444&trace_log=normal&uuid=fa529845da7e4f4cb5877a7ac95b7f4d,1037214684049,3500,,,广州龙擎动漫科技有限公司,http://shop498119171qm66.1688.com,,https://cbu01.alicdn.com/img/ibank/O1CN01rKvMQW2FqSORZrdm7_!!2222140398931-0-cib.jpg_460x460q100.jpg_.webp,2026-08-11 10:34:36,success,
1688,商用推币机,推币游戏机大型商用整场电玩城设备儿童投币超级魔术师源头厂家,http://detail.m.1688.com/page/index.html?offerId=754637243014&sortType=&pageId=&abBizDataType=cbuOffer&hotSaleSkuId=5371618790251&trace_log=normal&uuid=fa529845da7e4f4cb5877a7ac95b7f4d,754637243014,2222,,,广州比比乐动漫有限公司,http://gzbbldm.1688.com,,https://cbu01.alicdn.com/img/ibank/O1CN01oPc3fQ1eoxCAUDpRq_!!2216923473919-0-cib.jpg_460x460q100.jpg_.webp,2026-08-11 10:34:36,success,
1688,商用推币机,售币超级兑币机抖音核销自动存币购币机娃娃机投币游戏币智能自动,https://dj.1688.com/ci_bb?a=2169&e=38Hg-RNionY3.mN2EdASaMpdoMRcUuhweHtoohcQoNtZapeymKclEn-Lj2zNt6MwYGDRHXCTKlHsIjhc2TspcW2xqstZ8oyg7VTFBs89P7pYjunrgtGc9b5eJxt6b5mu8Z26Nkd5.NDimfwh9jRFe8VwmKuH6Z3TxWzp5VuF5Uytrb-ELFH.hrolnIP9KUb4ut7WtsQ3ttKSay0EIGFaQbztPTdR47Hm8yOfSrghjD.FGqr.iXvBTFRXTiqjyocnm1zC8NxDZRu2zlrX0U3Qd03uwhCq1CJnXPJWRGpx0TdGbtwvY5vbEXKGONkJHmBz49UWuCZVqqza1x..JuJ-4T1wZodkuw-F4rZH8mXONoTeEu0KFUutfKzwjTFtCsOepA63QeEU2makfIHDqfQudH0fDKr8zrNf-yD9U9wnpUrfYOAxiTdICfAEUfglftQajFCrDV5Rf3M4csF48YS9cRQuUc.y4uKMlhE5vRQNUdFgF5GdnmKboGXGEiXy2.Cg3gGVNeufomFckHwYMzDgGELsDRRrK1hFxk4e5c7tKLVffiSBNElvOU1ZjhBJgmZZNsVvQTBbaWmLz4JZo8dUvpJ53IbA2PmHTbpbPcNJMia8vTuLgGEuQgi-25Rfw5OjG.KBw8cVe0d59VD-tUtrFKQTSpR1ZDib1dnOr-Ku5YEnoczRLF2CdZc4FjP4VNc9J78BZXE3VIG5wnFvh.LOUMg21ezHTvkC8f9ZaZcFXK1MiCVL2FhExRemG7lKfojxPFFkkJ.LO22vwrtfGlif62sD-Uo81v6Wk3mHtTX257KaYbOWUkmTXZ7VczVbuBUkPyjwmWDcUc39i92womy.y8PQDLxRe4z3G8o.YB2i85x2gMXRGOCMDbr4AhVHfijD5YwwaQjq18fxLK1xTvzOj48CysTGzM2MuUDJfAkIQPNSK6ryFCHxHtleeMgqwgJv2Y1iAZro2IgNQJ1soEAGMvsl.dSmii6wdr7asEbTfYjfFtov2kn4I91FTSOT0RXkg8Ip9rD4eQsQLRcUXxOIbXoGmFRILL2FCZGzWoxDLkw4T7TYN35m6Yb8rgdKOLkZLsOD41ZXhZOf.C2cro33Z9lXmrkKZDap2IZkPoFnEJ.F-sqGA67yWLPa38ZpZ3C8WOhwyuuWAZ9Qs4JFriHRIH6EQigJdhKZyoAM.qFoSxoB8oGo-NB4a70fLAEUV6ULg-TlDa7hKzAe6uxnTZ6f2bVtaCBmWkjGYjxd3KLbgt0lXIvzSVu64FLJYDF32x7jMXxzzwrphEo-8ioLGCTQ5-7JNJOnLs0D2IWdSooQTu2nfGw04b3FtFs6F7aT2XmGlmKblkfeyyfIz6nJ0y3R1JPjSnARRXYE.HT1rSt05usHlITkHyX7aB7IxqTi7um.VmsID1L-3niWqw-p7u1rn6Mw4SnSRlA5Y.9MmPKUGrrOxKSGIEGcyMGuN4Gte0SvfMJOiF.FAYR6jRHECJcrvX903NWFMhNOMeX8NNvT-QL5hbqVB37s46Ism0LiczmZsiB0NTuhOk4evnAZtYQVruyKb4lTpK.vJAeulyQrmF8uf.6OvFfxHRzdgc0YkFJF.BRGJWYH.xSE96To5xAW4G2zVCWS89wJfpLe9H89m61kkgnAqAM8PyN4VuHNp-eTyqATKd.XRdjwkorEEjpMvHv2lagM82lYrECmrCKjh5Nw2CvDvgyaHWpATK6sCCkmrLvF3zd-d6J2OEDcKLCheEMQo0SwlMbEzc8FcTITG9ukclLO0VVbweJ9VekUZ4MUxdm-wn4LGIfFf0.iWBe7iOVY.jEjP8chGlnYkYVYS-wBqsl6QyLaqY4wgkmIdjZV1MyWAos91-TGHFBxeQk9ZCAvZDCGVyVYU-OKxGjQhGCbkunNFSUJsy4641BgXf9sK126jNyBWNDpG3aUeAch3RAg8Xvpyu2-vxOraxEo20ijKg-xpWfUqXt35Sx9JHcpJWmhpOxEPlVXwPgz7mAEqyeIYmnIOokCWE4TZciMLJA_&v=4&ap=5&rp=5&idx=18&sw_check_ab=1,740675313771,3500,,,广州五花海科技有限公司,http://wuhuahai.1688.com?tracelog=p4p,,https://cbu01.alicdn.com/img/ibank/O1CN01WLwBbG1N307xWylz3_!!2200699711513-0-cib.jpg_460x460q100.jpg_.webp,2026-08-11 10:34:36,success,
1688,商用推币机,动漫城超级魔术师马戏团推币游戏机彩票机电玩城商用大型娱乐设备,http://detail.m.1688.com/page/index.html?offerId=1055816337924&sortType=&pageId=&abBizDataType=cbuOffer&trace_log=normal&uuid=fa529845da7e4f4cb5877a7ac95b7f4d&skuId=6095923644878,1055816337924,1000,,,广州顺宏动漫科技有限公司,http://shop81355602547w1.1688.com,,https://cbu01.alicdn.com/img/ibank/O1CN01XslhMf1UGvkBMo2Xh_!!2216844292491-0-cib.jpg_460x460q100.jpg_.webp,2026-08-11 10:34:36,success,
1688,商用推币机,电玩城游戏机娱乐设备游戏厅大型商用推币文审机器赛车摩托游艺机,http://detail.m.1688.com/page/index.html?offerId=1057876546025&sortType=&pageId=&abBizDataType=cbuOffer&hotSaleSkuId=6102126457883&trace_log=normal&uuid=fa529845da7e4f4cb5877a7ac95b7f4d,1057876546025,280,,,广州美吉思智能科技有限公司,http://shop0580i336203w4.1688.com,,https://cbu01.alicdn.com/img/ibank/O1CN01Yl1evk2AZRcRbb5tH_!!2218601128217-0-cib.jpg_460x460q100.jpg_.webp,2026-08-11 10:34:36,success,
1688,商用推币机,电玩城大型商用游戏机娃娃机推币出彩票电玩设备游戏城整场策划,https://dj.1688.com/ci_bb?a=20364&e=TwKUWctEim2R7o4IW05QeAKR3hwNWs1YhZMn74nn.yCm-sCxRmDydrebaLrHUaRatlPbXHjj0-LULoAmJ8gjYOZ.9tQx9GbsuS6aU0BVT.EnIN.024L7ds1mIoAiOLl37-U8pHBkrdxXmMpMSAtdzaxjbD-zz9gbbqHCfK9s031NWWBp6d1tEmPd-Zq3f1X8SRwwGlJjjTPBQaBairnbAw7bq8hNHLIJZp3tV-myxJs3CoyTSyXm0MAuluouYM7xVqMjBZNl8tUgzwL4mJ0dYlzAsrPSBsK5AdAWPTThxEzsMXeJPmB2XMmy5ze0sCTnk9rftpEB2ZPSiYjohevVbUx4JQ39ZlPZnc4mLc-EHedj1HZf2B97qKqU4QuMqPMzvRjHF10GA-SNDsvxtf2Wh51SKxbN7hGkAqHSSzYLRXYlkJoO..oqLBilBeb3HNh1Ulkh1GeJwP8lmpgPScbEg-ujJuVD4L2438ZUrSlGEeQ0z2EjS5VBbixuJum5FPhSiC6xgBmdNC5AAA8WqIw.OIlZuaB7meaui2MSCuNNnVctF-tKbFDddDdBR0XHd-DO9aWmWQ.BKppkqLkpaqw4ic-SAUt2D1815T9qqEIFnWhUR.ULlpzj6HsOi5iYYXKtJnSM2qALPKDamye4yeLdH9O6ie35cNHmf0QT7CTQwalxJ.YJnS5tB9GeNJmVeSv86.MHmBqDETi5ivQ2wF5jrsYOGHoMZVBpVFXcZqVPBR83HUcmN1Eg-yLxWXv6Aq31RmC4RC7uUQ.z-r.MgzaXMh3QWzySQdNHU9PsQl8ynKUKZOgA6xhrYckLDozc-rWfY7DEU2k33gXjg8KvzmhNQHWYqpnExqk2ACJP1v2ROZosLMF1BqEW7TCA3hD6dB6wyXEBtNYRP11WgQ1akiGIe2.Qr5AcxHzN.0q9q64qEvxEluf6owt7-0IkOqXKHGscoxNAJUJnWBsUrURChirqc4hDAcRI6LnMc-Mey32ydC8mrT31KMdXwLCOIFE5eZFsOQe88fpf9UVCWcl2tYf9LhvgHP173M4AiGhqdN9oPghIlaMmH1k-WiF2alx26HMa6Uop2jUEG8yx9KijtMH.m42JWANjuYKveomzgq6jMjnvCQjMOuwXbp6MjPE7sXpAo88ED.ih0PcumVctpJHbVdR9VndRRxWzIR.neNN1mzINSC0zJW8jlLK-53thiKzlHuYkLuOlT23Ej25mdN6juTLlq4HbhpwNDaA4ohm7ok.krLfn0345WBi-GcPzm2ueOxKkhdMp7wA9Ig9dEPh.apBgXZ1jn5xlulHgOXf2mpvBplN0iZC3-9p2Jgs9JKrdj7gMm4T69u4AUvomP0tTa0Gl9iXcYy0Qx0Y.D6vh8ND0KWx.ZW3vPvOJQzrhXC.aGYI1j8QETLUlDLAan1AW3q9u0giUouOMbdfFLHadUUjg90GeWJDyhR9JqUAXNOnM7tMo5g1tyIRMTlq7hCG7iWAWnY0QbXeIiO4KmoSjYR95m3L6I5c5.NxtnjEmDRnz8yqxzKnQe6OGLhz.sw5TDiU83d7OcINoEnGzyhlzfRx4LyIhaaBQNIBM.puMAGqUXLOWN0xxv8f.r96GOWspqnJs4ni8WdmX-JcHVYt154uyHoNL9ceEw.aQ.5yaeS8C.RsdvDX45JpEkR4msITbUb2B2MNkCumNnzfhMFQZlHnT1XKaLIxX59zzeQFXE5IbmGhNJB3bCnMR-zpmT-Z9lykjskS8QgGaS6I40u.00kNk5KFLr16b2eUC5I-zA8De0CKSU5UzBRQrUIRr5PnhdJE4GFOPXNf-IRSyQpxdzxyN459wWVjGe1NXUhomevnvEyyX6xUbFBYmLE21Pi8IqGC2zxo3fY4bzWExTL.McUFEq7PLBboKpFCS8iQtvaZMong8VYPXUTQUrhV5oIpn5Jea1xBGbCYhOgcRWIaudPEGZgc2hhurWtTWhsUIA3o62EamiFG-DadeIiC7CLDH4W4OELefc0B4ObSFcZekTZp6ii5HEvsxHQtbEAuYynVY&v=4&ap=15&rp=15&idx=21&sw_check_ab=1,987679393058,100,,,广州祺龙电子科技有限公司,http://shop9k909c29411q3.1688.com?tracelog=p4p,,https://cbu01.alicdn.com/img/ibank/O1CN01sSxSG01SDbaeLw8G9_!!2213528072213-0-cib.jpg_460x460q100.jpg_.webp,2026-08-11 10:34:36,success,
1688,商用街机游戏机,街机游戏机格斗机摇杆一体商用投币月光宝盒拳皇电玩城游戏厅设备,http://detail.m.1688.com/page/index.html?offerId=776851870360&sortType=&pageId=&abBizDataType=cbuOffer&trace_log=normal&uuid=694535806d1c41629a3d87810b180d8b&skuId=5309919068567,776851870360,300,,10+件,广州威鼎动漫科技有限公司,http://wdkj13650929498.1688.com,,https://cbu01.alicdn.com/img/ibank/O1CN01A2a8OO1ImHGHyurjF_!!2217607270935-0-cib.jpg_460x460q100.jpg_.webp,2026-08-11 10:34:36,success,
1688,商用街机游戏机,商用街机游戏机投币游戏机街机游艺机电玩城弹球机弹钢珠子游戏机,http://detail.m.1688.com/page/index.html?offerId=953850348145&sortType=&pageId=&abBizDataType=cbuOffer&trace_log=normal&uuid=694535806d1c41629a3d87810b180d8b&skuId=6038417730992,953850348145,940,,,广州呢呢熊动漫科技有限公司,http://shop1490720662675.1688.com,,https://cbu01.alicdn.com/img/ibank/O1CN01ZFmdWF2M45pDTrnOX_!!3174689773-0-cib.jpg_460x460q100.jpg_.webp,2026-08-11 10:34:36,success,
1688,商用街机游戏机,电玩城投球机大型商用儿童游乐设备投币出彩票游戏机室内乐园游艺,http://detail.m.1688.com/page/index.html?offerId=1074250180518&sortType=&pageId=&abBizDataType=cbuOffer&trace_log=normal&uuid=694535806d1c41629a3d87810b180d8b&skuId=-1,1074250180518,940,,,广州呢呢熊动漫科技有限公司,http://shop1490720662675.1688.com,,https://cbu01.alicdn.com/img/ibank/O1CN01ZiPZ8b2M45tUX4m7K_!!3174689773-0-cib.jpg_460x460q100.jpg_.webp,2026-08-11 10:34:36,success,
1688,商用街机游戏机,飞驰赛车驾驶模拟器漂移VR游戏机游艺设备街机竞技潮玩馆vr体验馆,https://dj.1688.com/ci_bb?a=19529&e=N-sq4YdQoYc6D4IqTQcPSmqPxuJLOj46c84eYZzoeP0wdj9ByHehKzDbKc5wNvEcBC1LOxaf9EepwUATQ5P0AOM1uVAQvjgpKUwdbEKIHQ3z7lmhYfw7RtIjL8-xaSS-Uc9hSmdNAn1jiSmdT3J9re9P3xA5b-Cv9-2l4wRZxjEz2K.T-QG1Ni2yzXOX4cKrs08zLunSySHXqyFnsw0Up0KxxujMM91ZSi8c85EfbCfiN7YXygzU28H6dLW4X1pozHnarODjdBD-nejdrizesPigtFGpKgbLXXen2mdffWDI.ssvPj4HhbbinjK1Z4MCniyE4-ph1JYrcohavqF2pFIAGW0knh9eSlzm0TAmYkB8zeZDKWcvICodtwK-dDcH7prvrpAduQs8o0rZKSHwGwNauAeWmj-d2IxXqiMHOuj9zXBjqikmvz3J834EF.1G12Q.5JN628FOoT2pj5UiXlI0bdg0.HCjgGrW7.xypPMZzCh2D.WLBnY61LNJSqeiNFEcAsLKMV-sM7YLODcuk.ftpeMEWcYxHR4t8p72hsEk3SRYbUd2RaHjNseXyPxyijbgNa85fHVhOvBG5CDkpWVFWTGMvKPFI.BXvkx3D9fLuruj6MCTTpvwXNvhKfNr4sw9qQXQbOmUyg7L4vqf.nkTeeaZTGnbKfdIgJF8UQomuMSeR3elreAlKYnF.--sfelXrMrCa.nIKZn6aPY8-VEKcbPLmUgEnC7vCIpgsEN2LkHDNA4tGaVxQlqy0nMwwrCL1bi3-qF2eny2snfKhS4w-oSGGGYC5YC8QvPv9Bz0ourif1eAnkpDXGiIMaEe63MfmFs8wBt1OKFHikLCM6W1cWjtdqM97CMv8ZvM.tGNdeiwNSNndJT8yWnxbYbbl0-2E767xpnIbNz0Q-wkrJ-IFzx63KqDB4ECRzYs7SBj8hTLOJHp.gEj7sFT4grXQqz26Rydeg.POacQihmLBc0nDS7IZEB08RlfOcrItXHT8Sz-IIeq7sntEkcpIAd1UWa9UpmCUB5FM1NAv0gI2PtReGJvJci3vfM1F5Y1VaAXiH1qFTvm3Tmzj2ejMqOpIBMr13B7G6xZvZxKapAZOp-zFr5AETYvbvl-YTkPRzrSu.105ulFXj5vNRQ0Kg5EpDhOA6ZA0P7LY6xJVArqmQe.PloC94l75S8Ns3BZLxSbLXt1jGjMwrMr1iwg7H6tUspI0Z9dEqLf6AHoKWWqstkj0v8xy5NvWVEb7hJQCQF-7cJox.fTNIL2TqlIgRrNpKNmtYdteVJvqyFuVkI7m2mfUqmofVQQdkojTuxNbjjndo0nLvzpgq43CXYGBVr4bouVTqDxT27whLVeL66cLM3WEH5g42lk-TJ3BUAI8bp15eiBVpDQMbYqH9dBPOGXjV6Z8S6cuPkLetl0Y3OfWnQITbabznpbPS7TkUiIsHg3MpLHR.Pug3y-kXOw6PbhrIiB8mmloZ-FF4TUzZAda-42UeQVxyG5VxYCt08cyLxvArebQNGc.1xV6zzAb8aTf4d4DZO3n7HO8pLXxkKkkKDgbKZyv0lq2CIx3SAq2JZNXNuD8xrA-Bvoy8OxzCcc1VUy6Eudrw4jyxZYAueRubkue1qoTDSQOTtp2Q85M.d-quY2TrzF5lMdpxs1Fj6wozEAiTtTJz1lOmy2b2SvlFlxSM4kr.RD9iScLbtOHKUCxgmIeF0Q4XP8Qe4OvXdsaZLW-cqlTI8Cxm6ME9..AfgGnvwVsVe8wA56SVQyd2NneFc2SF64VKmta91VDjisCMeXh-qBE-caoCvcANrj5g7TweKtvEmfWI-WKs.1NK664t-DZ.Y-ezbguzlK0wTrsmJXJUS8m1E.nvoWsGYaV5eknxiQmqCYgI7r.uDf-QdAeL4Tn2b6vsG5NpS.PJ2MKba50cQJVbUTJFf7.bWhnSkXHnp9qZYLQ4E9ebmyRZYeD9sPNnZVNtv9SXonVc5NRY1a7KSELHsyJwqiWaw53PnjV2LbBc8Sbr8D3u1QOeUh8C3LSe1zZH8bkF24dm9gQPo0DdSYHTo_&v=4&ap=2&rp=2&idx=5&sw_check_ab=1,1067570207670,100,,,广州影华科技有限公司,http://yinghkeji.1688.com?tracelog=p4p,,https://cbu01.alicdn.com/img/ibank/O1CN01KMZoka1cRwCSDmGco_!!2215717453598-0-cib.jpg_460x460q100.jpg_.webp,2026-08-11 10:34:36,success,
1688,商用街机游戏机,共享街机电竞吧游戏机电玩游戏黑神话自助扫码一体机电玩城设备,https://dj.1688.com/ci_bb?a=17201&e=0JI9kRIxipYTQk-BYsq0hKASZOZWuVF0HDcmTC-YwKXQsjUfYW5zwsYQvEDIH-9uPN2L5M8XUn3174pmDeYtPLySrZNxvdV5mECvdnvKOIlrYFe3NzoO.Bp73PKRJtvaSET6HO7v6OBwO8Hc7V1f2IidC6.qFBGtrp4Uu5TF7OcXP.guActCYuYYzAQlJe9gceKHF5aKFDjyxdZhbL4igCyxzhSNmDKBhsad5BITnSWY2c2zoqQeChnnzgKpdZznPSXQS7wuxrkFoVNMVz7heBYxzvP9TwZTA76Tkyvdz4AkhCxJSEjXSAobQSj6DAXk2dsh1bvD.0RFiXLSz79VV6qHz.ke.YIW8l0rEPvZhzPcQh6EGsK6kjLipsBNrpkAd7Mv2JdNZRZefnj.2FfJwTqjKQL2vZVDynrhLk4AdhrmoodAtcDXB-IXILvuGJpi63NYObCDt4kKXIEWOcjRTiXqiHYy8BytSEHEbd4BQQ2TtWRN5ba9qfY37RfANohT1yQJYCtn8r.YItYEugK-cAxAzhHGJfl02lo0wMS7-LNTo2LACmG6qEHOY8Aw16v0axr8TDmnvAtzdmQgmfHD0KKx41lilf0RPN72Egzji20QsME97gnL0zwSkx0b1rgofwM4qAvw6HT7c1TdEIgF8DQ1fsSspeDLplBoyVpQJrCuezwn85NjM8XDa2vjBZwMQM90yOzHHS9dnmnbG3HF2EbOdZKbdEbilUxDQsLpi578BDwDyX8Trkg5hoUQYii6S.Thbf36ihwsGkBqCKpCutsOIL2drEGxfrariukBGfjHF-Hc2rJuVhB4Q5wPJsYkbVo4AKOoqOnJ04s-hluCvu.yj5eEbQlE5LbOuKz2tzcepUPMD3RYNbiIRv.i5WxwvCkgtqSwS.na-B8SWkhRCtamQf4xC2lDv.VT3W4MtswAbj-Kjmk-CIdXIn5j91bABXyhSXJeJqrLMPufpJNH.2fHj5LTRPDZa2G1X6lTUCLlaidRlMt3Cr9a-6OW4JqEldXYEb9F4nln7.DlhJgBgqS6YEC9yKY6kOy4-DJLLcWAiC-bJwZIrcEFGs1mYjZYK63azHOukvs2cVt-1xojm.XqoEvm0Jb7JtacY.rsziq21oYd7TZa2kBYxPMCLbwxqrZQ-lb2KsBZDhLfBRW2wT8n4Pu8rppB42CAYx3-mvhH9h-84oiJVWgXCaI1kClC-U70MEHLKwrdVZAIuxvBHqJlhUhYrrnZD4TJfAYGbtre88LGeruvJkhN5bBaX6csKpGSKN9QmiJrZvmQqH44uUOXxvZhnRIjy8Oco7TR8hfxaVvSqdehA1Y82urhQx8C8wOWLChJFUpdnUd6fsNW6mxOwYvd8j.aKiCV7iSJXsvIoTrWJNjj2ezVklR2XjMXMl2LSrAtodAExsyLNE.9yLGxUpMCxMHbtzOUaijrLK0gDqCDHylkOfHOdqMFT-3eR.8bFPvQLvN3MnqHXX.9jqzjJVxafyBvN3Ku86H7X7JXyWZnpVSS7CIae2ihxao2Bni9.7Lc8DBqDg4q235BSBdiBJKAY1gTrGaQ0WQPV8GndwB0EOpzvol7qhwmWAW0QwIKQy9-L8XZGQlwzAGGqKyXuhtQ9WYTsibzpfEbKLLlWcUam7y-H591NdfOUZvZpqn0BN0bhH7aQ17ApByXMigvrniyyB-rOO2Kk1XN9.IUA27ahfumLXWRdx9w6JDk1tDP0SXsdKYv8SC8OZjfW5y6UVg-WljXQzfGO7kgQzmhc5h-KJaS.EgGPaaNKA85YqlwpNIIdfCqViGT.ahxCY1kKrFFdy5ZwNRhV2FpQ6WeDVpYQu.QP5R-LqfU3YlDGsxG7n5kC1ZFs.0PeJiP1wQi3kDgBdMvoW5Cfnq-8SficD6IFEEZA98YjLrBcnuGbVSW5CugqvDOd9Lwoh2vPJIZOxNy2zRO6vQhRCJUmKtv8s.jRCYiK6gXHIOcmwf43szpZUl0rBGfeJ1Dwoq6U5vjvo6hCusaPswy.xkJ2d3NWAIENHX-WPBRqgUPqI4P58FS6pJbCcQ_&v=4&ap=2&rp=2&idx=6&sw_check_ab=1,974602651835,450,,10+件,广州米你动漫科技有限公司,http://shop7u72z2e531294.1688.com?tracelog=p4p,,https://cbu01.alicdn.com/img/ibank/O1CN0159qgdy1anLPj91PRR_!!2217097913374-0-cib.jpg_460x460q100.jpg_.webp,2026-08-11 10:34:36,success,
1688,商用街机游戏机,潘多拉月光宝盒拳皇街机格斗机商用投币游戏机怀旧电玩城游乐设施,https://dj.1688.com/ci_bb?a=19529&e=COBgP2aEej06D4IqTQcPSmqPxuJLOj46c84eYZzoeP0wdj9ByHehKzDbKc5wNvEcBC1LOxaf9EcudmeqPVFNmHkCBT2gGfZ9gOWn85EDD-0AEEgMjsp52dIjL8-xaSS-Uc9hSmdNAn1jiSmdT3J9re9P3xA5b-CvqLinBw9RhCKQLvxhlC6V54e3BNJGIWQq4AYdZcLz0fuxKZApw-N7RNwmY5Fp8iFn-DbSOJp38emnCGqjgfOxHu.uJxPJsnXdSnZoDPun310MvxTOp6L-WxT2JrzZPOqcbJPPQetLeAdjivAL4ghgcT.Qkt.7HOTPul9ZRaowAUjJOlQZ.v9DaEvIFTZFQMavT3ooiTnFoT2BPZZ7tgPQudyLwRuMZw2yvReTMzfgjxSJVtGq7q7tBAq966gzMobN21EcvwFJgqZMzE3mbRZSFHunN9RDYJQsVwA62sslEsY9TtzuzxODUb-AYc9nqFOHeJU-Ui1piYRiZpyIvchlMFljO6wEV8BtlBpPBvNCOSXNt2mmHjKMvznsN9LjNHoZvVjwCQM4DyJ-5PGnCbUWHSnkVgCLyi5BFd.DO9QxdrPsTRhY9RWY69ujfva0gigQz.uaWQ7KOWY2XQFEoyQPCVVi93lSl4NiMnY6WeTULO8JgcLsQh5k.2qbkdFeXwA93qNSf9KIS7isLrRzGGffhfDsNACCrhzzcFdOrYENN3EjQltI.NBObZTaJma1a-vbcc8n5OQ9dQsoGT8SH8X1XpTkFX.MFjZk.H8z8gpXFdWd6CV5ZCl6hB6xDt.09QpSf3mRAU0t442l6sap2xK9oJSYsJbd-XDEZ9pGV4k3sIQls5vvVZm6FdMm10M7d1fplzJA.0l.NJyhmkYAYYnniaQH-8.5I51yub1U.UyHEiq71wx835RYhfOqkE-xy2Sx0Xls7ubO4vwuRP30Sci8bywYgZ6IN-q8UCGN6DBiVHE9itgkXM-lNFVBZzkcYUNjlOgVKDODAzmUZUxDQFpFw2BoQAGoTOazzK6nxDiMPWQR6zbpzbDN1cmeWEy3aGyikxK4uirHijOLvWisyRWaEK.9MXs-uRtl0EpWjMVwF80IO8h0jnfDnNZF.KaTQ35W8mLSyqgijIFr7NlMvR82Jx1fcxQnYl2jBBzHi9KA8WKji54YKM0MM8ixg1XWk8Rz0FlA8CYrb5wZ3qdlrx8l0VbMGut0uuDcWSmzSSXN4cy7Qgqn.8wvkDXG9gIhq3ZDi8z9pdGDZ42M.PMksj6Od7q5UX8WXLigVPKPHB5sTWaTDW0f-D9tvMHEHXsKKoEp7unwCrsnH2qJyNgPCVlNThiavnJdL1CmZiJ-E0qNv.m4jZc4s0n58-qp8mjmjrVphwe37jJpxW7XwGFP76PnePc4XcbSelv1GXwngaWqp48znPxv1cw1TEhX3c1BDVisBiRk4siojeKX9ipl8E2f.EG-Ovw7HW2.6lMhCJOMS0j5MVW.lYQbabgXBNeTKfu4UsK3msxvHTSV2Zjd0XdSAdXXverMUeUb6KtAIG8t98M31gY6KR.y4-kscs.TRinuh071UsyFi9P2qpV1tRCpsrLQTm3zUbFPZpIbedugp22zT4CcagHrI-sisa9ItxpY4TZsvlooL0QV-N1BWQMcm7dQr7QseItmXyJ2R1YS4PSzBMJiTSMkBrPqnAB2PBld7f-jyYe607fRIM7Q4l0NgS7AeD0bQtYUX7WMN3eeuQUaehE7SntJS-D0Sp-d2jLsQd.nm3ncyskaoCvcANrj5sxO7uAxE.2iSrTVXM5ffYZDGlH-VxyWdr-MU3NdHIA9CGD9jfMk0JQcqEgWCfOIqLxyYiqQaxOuUvwQLumFwAFzXkbh1BlsXxdwdpINW8-h.4P3QsuQv3W4QTnkIQeYp1.nQJP5XUOS.0g8D4gGLhm97qySVwMazanuczRU8dp6FFoPw4t6e98qg7fYgTyxl8nEziZC7zCq66FZerP0VXAyjbtEUslvPh3gZK2fvx55fOaXeT.pzR5yULH5RU-JClolfeH1hbyM2O2CN9r9KxFq3Uq3ZAgHUrJLSvXy.MS0&v=4&ap=6&rp=6&idx=7&sw_check_ab=1,1053378161966,10,,,广州威鼎动漫科技有限公司,http://wdkj13650929498.1688.com?tracelog=p4p,,https://cbu01.alicdn.com/img/ibank/O1CN01AlU5Zx1ImHSn6TanP_!!2217607270935-0-cib.jpg_460x460q100.jpg_.webp,2026-08-11 10:34:36,success,
1688,商用街机游戏机,大型格斗街机游戏机电玩城投币商用家用月光宝盒潘多拉街霸拳皇,http://detail.m.1688.com/page/index.html?offerId=1066147881213&sortType=&pageId=&abBizDataType=cbuOffer&hotSaleSkuId=6278149174681&trace_log=normal&uuid=694535806d1c41629a3d87810b180d8b,1066147881213,2400,,,广州宇博益智游乐科技有限公司,http://yubo16888.1688.com,,https://cbu01.alicdn.com/img/ibank/O1CN01Rki5SQ1ikc2ctBHy8_!!2220807604451-0-cib.jpg_460x460q100.jpg_.webp,2026-08-11 10:34:36,success,
1688,商用街机游戏机,商用捞鱼大师捞鱼机亲子抓鱼游戏机室内游乐场钓鱼机商场厂家直销,https://dj.1688.com/ci_bb?a=19529&e=1sej65uXX6g6D4IqTQcPSmqPxuJLOj46c84eYZzoeP0wdj9ByHehKzDbKc5wNvEcBC1LOxaf9Edr9m-ibZ.l9u.mZeLsOHeaWS5irz.7150oJy1kZvhDPA2c3wBWsT-ioQZyXZwkP5Euij.OZ642-uD5sJhkJy3lOsl0dhMVznrl32hdJ-Lzz0AtemN7blyxbsQLlUdXEyUfn6OydaGMIubETCGq0rRIr3.cClES7U8vgbTWiyAFa8Vb.MJ7H-0-9zNrI8k.rPxp3VLoXA.vR9lwNqFE5ZmX3MnObxk3UdsBmgIX0RMCNrVp1rrVwjO5249UfduoPuOIVAW4lZAaRTn5rFn9kIjpPYlG68xdpwWqsDq2lYTySh8fpa2bNH4iNXct4pVt3zsA7oCAW.NNQLYbAocSLIH7oaSCojy5FYCCsbhT4FZCO7dJnjfp3Gpy7G61HYJVpZcRpaN49jh8VObgsOkFIBi0GjwOE-ZpmGvMe2Wq7.i6yVC.Zq7NFOf64y548rT56rwSocBJHF8eFBBTaScna8JrcoLOUOGZUqAAPRji-C-e9P-jwW-Q1NjRzWB2c6vNkO1XxYtP4RwJjFqkwXjzwSdr4HEGYNSTpk2D8yoJprU-CUpVY4gy3bwFPyxvTKS4gDTePHc6oPTE8.kCrbmhTMnxq88dcfdGaCmjCZxoAFOxwDeClkWfqcZ.kvO4GiFiWTK.ojkDE.m4idIdCxYBglaQ9IHZRtgGzueti..d-q0luF515ee3pJyNTCoRna-b89wXBidBwvcCtMXNmNlBZ5fdioY2tgItMdccW3-d0Psn3yj0nxBloanEKOdxU93GFpwaQUvfAWcxdJXEr-rIb9ucBnjC-1EJZT7S8sGk6zr9qUsQu08.mB7nsESGM9MWjXBCzkVDlLnCzu6Cq3f4Jx9cbJXKf.HNpi2kNMR9Q7006xct.U9ptKR7vyyj8h7O6Zm.gi.hc3Z8H6vfSlzF.GNW9LnQBGptMT7r-HjeAjyMLpY8hZHfLAuA9qQvA6BUbsifZ.vJ7YeAM9TlzTRvnLOw92tvYPErwoy6eOjUu2RgxEa6FFzFmFFUuxsH8tBHlHOVGFVcdntiE8Bn55MTyg9VyzRspT8XK3cEoKQvwiJsb8NOVVgBb1TiqiKHTG6vVrS2TsWDlyOZQd2zNg0SrjZZp532T4n4cA5kHNfE3DQu.RI9KXUpg8pZhfJtdARz7bYBO7--m3.Cws.8QrD9Fp7V3PwtG-FyB8mqWsGOE79hZ.WAw0EUpluoIX6se2ND3rE.bLAVuij2z..8APBTqaZax0oPBlvgEvN.9lh9.CEdjG29nlu45JU6-AGEVbX5wvSg3-xdooizrHozmKxzqVABFzFO7JDKvTjbIIANr.uwVrEvDCntLWogIBGx8V6sFbuxw.95.MCMLHYIwJJrlUAuLTlFUGDXovDPlpepEb4QlQh1rm8PRvS43y-xcpcF7iFjIvT5lLAyAwNW9aaKUB8jdPMGqB1oaO6MbuxHn3n7iyv37XTxWXt0vwOUfCNOWYVvspTdFNCCDI9t9aKxwjtew534tSyF1Nj.QyLODn32H70P.4QcR3d7oCLt3st1ZaE60Q4t6NDwlq9-lXNcd-rIConsC1w2.IokmjKM.JMS95bSIMbpxnA15aqbo4-aG60kAKdBL.LcOt1lkOEgTwY8MYtiqS6UDxCWBh9It9zD53fvA5fu9n9sUJYn..9jUGt3MBl.fH4kwef54XTVMvtEqa1r3VUOOKxBQguhlN8OyK7SRiyD3r1hZh3lvE0jZyf4Bp78FbFXvHrTTscr-uZgGfHE6368UtXBTKBkBFASNarHTMH7Brdp5iqO7.fvjl8w8HEi0OO8g6dJYr2onn0x6r6Klega7iy1fl-shSLWgLq8OPnlDldridIwL4xTXb2-hOYVng-IP2Xw4x-FwYOcjGsKiL..gy-CMgGm-W7eLBMmAftFfmW5yKpR7xsy47A8egGqSLBX33UVc4OEmmXxfakV6AWb1QcNOTu8NWsWAhgovhhsvjkm&v=4&ap=1&rp=1&idx=9&sw_check_ab=1,1001057022962,2480,,,广州闽乐游乐设备有限公司,http://ml168168.1688.com?tracelog=p4p,,https://cbu01.alicdn.com/img/ibank/O1CN01Xx01xA1LetvpmMCMr_!!2707981325-0-cib.jpg_460x460q100.jpg_.webp,2026-08-11 10:34:36,success,
1688,商用街机游戏机,共享游戏机街机拳皇对战自助扫码双人手柄一体机商用扫码娱乐设备,https://dj.1688.com/ci_bb?a=19529&e=Mt61f6rfL2s6D4IqTQcPSmqPxuJLOj46c84eYZzoeP0wdj9ByHehKzDbKc5wNvEcBC1LOxaf9Ecn7adbbuITGAgT4b-jlruBV4oCDIleO2r3rB7Z8moV-tIjL8-xaSS-Uc9hSmdNAn1jiSmdT3J9re9P3xA5b-CvmhIE.-gB8AXVXWWxlF8rpS2yzXOX4cKrs08zLunSySE7PwwDV0VNJHZPEaBp.TI05UvYj8o7HmuftWJ7L8GKPcXj5QGv9DEZD8tiIoewa5mXQt7qWs3zsfigtFGpKgbLXXen2mdffWDI.ssvPj4HhbbinjK1Z4MCniyE4-ph1JYrcohavqF2pFIAGW0knh9eSlzm0TAmYkB8zeZDKWcvICodtwK-dDcH7prvrpAduQs8o0rZKSHwGwNauAeWmj-d2IxXqiMHOuj9zXBjqikmvz3J834EF.1G12Q.5JN628FOoT2pj5UiXoQKTvSfe.OAhM4XDRuTbqeHebKYHwSSPHY61LNJSqeiNFEcAsLKMV-sM7YLODcuk5oSBP.oAfAF42X4mlyBdnMk3SRYbUd2RaHjNseXyPxyijbgNa85fHVhOvBG5CDkpWVFWTGMvKPFI.BXvkx3D9fLuruj6MCTTpvwXNvhKfNr4sw9qQXQbOmUyg7L4vqf.nkTeeaZTGnbKfdIgJF8UQomuMSeR3elreAlKYnF.--sfelXrMrCa.nIKZn6aPY8-VEKcbPLmUgEnC7vCIpgsEN2LkHDNA4tGaVxQlqy0nMwwrCL1bi3-qF2eny2snfKhS4w-oSGGGYC5YC8QvPv9Bz0ourif1eAnkpDXGiIMaEe63MfmFs8wBt1OKFHikLCM6W1cWjtdqM97CMv8ZvM.tGNdeiwNSNndJT8yWnxbYbbl0-2E767xpnIbNz0Q-wkrJ-IFzx63KqDB4ECRzYs7SBj8hTLOJHp.gEj7sFT4grXQqz26Rydeg.POacQihmLBc0nDS7IZEB08RlfOcrItXHT8Sz-IIeq7sntEkcpIAd1UWa9UpmCUB5FM1NAv0gI2PtReGJvJci3vfM1F5Y1VaAXiH1qFTvm3Tmzj2ejMqOpIBMr13B7G6xZvZxKapAZOp-zFr5AETYvbvl-YTkPRzrSu.105ulFXj5vNRQ0Kg5EpDhOA6ZA0P7LY6xJVArqmQe.PloC94l75S8Ns3BZLxSbLXt1jGjMwrMr1iwg7H6tUspI0Z9dEqLf6AHoKWWqstkj0v8xy5NvWVEb7hJQCQF-7cJox.fTNIL2TqlIgRrNpKNmtYdteVJvqyFuVkI7m2mfUqmofVQQdkojTuxNbjjndo0nLvzpgq43CXYGBVr4bouVTqDxT27whLVeL66cLM3WEH5g42lk-TJ3BUAI8bp15eiBVpDQMbYqH9dBPOGXjV6Z8S6cuPkLetl0Y3OfWnQITbabznpbPS7TkUiIsHg3MpLHR.Pug3y-kXOw6PbhrIiB8mmloZ-FF4TUzZAda-42UeQVxyG5VxYCt08cyLxvArebQNGc.1xV6zzAb8aTf4d4DZO3n7HO8pLXxkKkkKDgbKZyv0lq2CIx3SAq2JZNXNuD8xrA-Bvoy8OxzCcc1VUy6Eudrw4jyxZYAueRubkue1qoTDSQOTtp2Q85M.d-quY2TrzF5lMdpxs1Fj6wozEAiTtTJz1lOmy2b2SvlFlxSM4kr.RD9iScLbtOHKUCxgmIeF0Q4XP8Qe4OvXdsaZLW-cqlTI8Cxm6ME9..AfgGnvwVsVe8wA56SVQyd2NneFc2SF64VKmta91VDjisCMeXh-qBE-caoCvcANrj5g7TweKtvEmfWI-WKs.1NK664t-DZ.Y-ezbguzlK0wTrsmJXJUS8m1E.nvoWsGYaV5eknxiQmqCYgI7r.uDf-QdAeL4Tn2b6vsG5NpS.PJ2MKba50cQJVbUTJFf7.bWhnSkXHnp9qZYLJD-Xo5Fj17k.b.JlMmqK9FfZ40vWXVbUq-3Ldb0L7-u7u0Nwe6k7unJQsflFT4kKWiV94fWFvIxi2RZuqS41ociBSx6AjvYyoouax5UVRxU_&v=4&ap=3&rp=3&idx=11&sw_check_ab=1,962480084560,400,,,广州米你动漫科技有限公司,http://shop7u72z2e531294.1688.com?tracelog=p4p,,https://cbu01.alicdn.com/img/ibank/O1CN01RNBN9t1anLP4vmIBA_!!2217097913374-0-cib.jpg_460x460q100.jpg_.webp,2026-08-11 10:34:36,success,
1688,商用街机游戏机,商用主机游戏机双人手柄共享街机商场无人自助扫码电竞游戏机厂家,http://detail.m.1688.com/page/index.html?offerId=1052725330837&sortType=&pageId=&abBizDataType=cbuOffer&trace_log=normal&uuid=694535806d1c41629a3d87810b180d8b&skuId=6257371983516,1052725330837,196,,10+件,广州美吉思智能科技有限公司,http://shop0580i336203w4.1688.com,,https://cbu01.alicdn.com/img/ibank/O1CN016RBD2h2AZRcAbDTps_!!2218601128217-0-cib.jpg_460x460q100.jpg_.webp,2026-08-11 10:34:36,success,
1688,商用街机游戏机,高端商用大型抓娃娃机夹公仔机扫码投币夹娃娃礼品机厂家游戏机,https://dj.1688.com/ci_bb?a=19529&e=AY-10dihD4U6D4IqTQcPSmqPxuJLOj46c84eYZzoeP0wdj9ByHehKzDbKc5wNvEcBC1LOxaf9Ee5yqkSnjaKpF5c0NPXar.Xh0yJ1Zkq73rLmRKYD-I.DQ2c3wBWsT-ioQZyXZwkP5Euij.OZ642-tM4LBtnxwRWbunDIEPbKXedCuz0cONTPk8sOMcIkmNNXz7KETRkFJcVVkCOAUcdjWSapUPQwxY235gliDu25kYzAyIfYDRLJexdwUEmPxiXTRmQrBuGysndQ-JouvUiSLyHZhVmH3J5r5n.dgcVoVdZd0rZ-Y0XQQIk.OLz9ihcPy3Rwf3gPSSU-UmDvxHcSOIB1r.jU5CyJSRp9S.tC3WGZSxCEwrE13hLrwGxWeDbcuGl6UUvnsZLTTT50y5ox5IcWeDDuzgU0pJBZwkpVfdmoyKSHl4aPKNXicyRZIGcJp8JF0cjMQZbMeqwT0nlzstWZDqEEPKMTzzqf0OeSZuGaqW4cHIuqAphRP.x-k7OLBpbdfYRY4V4GC50Jjomk5g2KPPA6ut7KSRTWIQz6hdFZH0B59rAlsuZ5VfuNrZhL0j8wwiFS6jPA7jAmLgtJPJwcHJt7ZG8DDp2SO6-UxsQ9.NeMUgSGmIdy4k2yZtKUvLGTR6ToMTBr0FP1Z-oy.8yUZSplbQ3csRqD.Eiu390mSmhw0u.BR7O6nEEYioZh7eH2HyGcsa8p20OgH85-HJEBQEActJvJxU5fr.p0wwC1UsoHaz3.aS.NNQPfTwZTK3na0juj2roe.i8b1KJJd9X6Y21JA83jOKn78HJoNRSqmJ1GhoVCJsv1iqk1Jf4CLJgvpjZTNRFe2TD4-AmZ0u3U2MGN5vVWe4VZ2izyTUITydb7tnHBJKkaUrRap1F40BDAvRc03qA0r6ABA2TKCKZmjjoOnqvSK1qvUoo.XxK4V-ObHNmKraGtRI30UOb4WFATHD80CYI13uKowjCn8aocrswV9n9K9K2D3ywF6if-jmU-GjtkRnl3l52Oll81FsRIknMTRdh8eP5cffAT137ZEO5.x9jalF6NHu0nX--CN1.nMBe-cGyILG.f-Prrtg-NyA0ecAfjMn-x9opFR94h6UvlEp-zzGIEBRepNJ0pReHfRtrjO-OaDpHRmVZ.8t1btgHLaR1vTgxqMWX1zBDB6bfLQWRJITi0nOiYPgTVMB7s63ZgbZAmyghzPfAmq3aYvjfOBZt6S731Um56RNLdXrXpZ2cREmak5PF9W5fhCRpRxDUgLHkqBE4RupfdM.CzF3rpRjTMsVH4s-wWgQJtY82ia6tkqdx5akUJs7I4SC18lF-CBFpaqY4Xe6gI2UJ4HzW.gJmIn4TSo2.-f4QjzA4Sk0mF3UgkI8ch8MVZdASL1iAJr3AljG8jKRe9boCx2i2vs6j3Olr7KTQnn1ByvHzKqnYMpUTEAUyWr3VVvF.6Cz49GppLX10HszjcoOAWrHsKvzV5ttnKEu-wFWcNwnn4jl85Y6UU4ussC3a3lsV5xwjtCNAud4rpbWjw5pTxfnHR4-pwxcaKG6NyR1-6NMYX6.zlDpf.fg7KqAwofId3n0w4IzOIfs1P8AkEdUWROndP0lMT4U9pLiFVx0J.gwRzJoTYklEHbBTmU9xvqQaVHYbvOL90h4m435u0dFY-rCtkeLzN1VKBPCc4Vi6uZ8G7glF5gGhQ8TxrM9fOxsa1ju6lMAPV1y5URcTxZGT7BaCktuWRo9tYX6z.hsAniMLyxIy7KTWrKmidAmm-4P4qwFb5LhRIrc-TKLUaEbB4sk.t8cBVFmXvznzr.WRtHKvAtTHRoqCgai0b1ricdqnjn.c1csN-6Acb1MePjklJap-FpvuJHSwyUGCMswu1-lD4wszxFoylNObQ1ILA30WUPV6ow0P9a-mNtiNgpuJV2c3awgcSdAYVhN96kHlWnIfNyyND-YZLF1T.QQw-pjJdZGCCT2lP-mrrFHMMwMiH2A0SyXedX.2HWLaPHbJaqUY9sFAayoHPAhXBqZ1FXODhJpl8X2pFegFm9UHtIjqAO5QTD2vy0wiDfK.-SbRAjoMQk2a&v=4&ap=5&rp=5&idx=13&sw_check_ab=1,1012048222974,4700,,,广州鑫和动漫科技有限公司,http://renhedongman.1688.com?tracelog=p4p,,https://cbu01.alicdn.com/img/ibank/O1CN01x4WRDU1U3Bq8b6yt4_!!2993652461-0-cib.jpg_460x460q100.jpg_.webp,2026-08-11 10:34:36,success,
1688,商用街机游戏机,投币格斗机SNK正版授权电玩设备月光宝盒街机双人摇杆格斗游戏机,https://dj.1688.com/ci_bb?a=17201&e=zKTCEfrM40QTQk-BYsq0hKASZOZWuVF0HDcmTC-YwKXQsjUfYW5zwsYQvEDIH-9uPN2L5M8XUn1QAtZfF74NnwLqGMhDxp9WbPY.qa2S59tx8AJHjn23YT37GMKC93VqCCpe6GXyVQSqG4gKfavJJSgES1SnWwkJkGaeX2xFIzk9WDADKaho7bgIYs7hf3ruNeWMY3K.ymeHKL0ttUqZvALDs1OHD61mxYJPLbj-x4ZCrX2HlBICweH.BF8wHqiIUiiWnbcbGup4sVUsyHnhvVuj4ZzEh-1PJ1eNwdhYYORZ4a3j9cC9BqZbfP5oGW0d0pJe0JKcA8r-64FCnOl6JWqjgu7H7ig4aAxnBjmye70oJ1.Wr4dSXRbdTW9YhxTg8Uqzyi20nrB8IKMhQHOWZxkMHTaIrFpJAu50uTV3Dt3Cje9EwAs8Ybi8wq6rDCu2VPtQsGqKOHEq3peRBTA.cWUiZVf7dMaaYlnVjngr.MzmU2l6UP-N82820icI7mOtHN4zuyBMbv9q5GUVca2Nf3v8BBbelOiLcJXvJvBAUyv0Ud8gTgGGq4OGnpFzlLSRiBsElb57KkTf3EMrOGv2UFKxfxk-399heIsfmTmTK7RWaHZqx5rlvdN8SNn9LsiyYjkNEqASWfwHik1g1wVVXtL9l5-kc9We3IVMBnSlYRE-L4nwskEDdJSgBUJLOnsTnuqlbYINm8B-U7JJDkq6HXx0271X-T6Y7WYz.vB1GrJmZP.7Bxv-gW6hrJgYmipEMtTv2AHEh3gXw.VM-OWwCG4jEih23857vZTE22SvoXuOCDtL2Eodt0VHuzl8Z8vCJ6eQ1MT2HJooorimzlLrMTzovlPS37CjRorCRALB14oJFiEMrwV5HbSK7opBVb9cOGn9tOc7dJQ0ZavPJrYUo3PA8wScdOdpMEm1h9-dlXLhQDmjl5WxHsGkJecvYVh25KbaZuTONqvp3Dhw0bUG.Ii3hen5z-wa4R96A9RgR8uTH6rXcjHfxlCMu0C7-.J0jCkWloM3wh8U2F0EnSv2mPGgFMkx67Ns7V7EqUCkgSxAGCW6dy343JsYPub.X30l73ZRfD19dlVU6I.TZRRbL-5RVL0Q8LqTptwV2HYFplmIpt9QfAblQMl.H3Uf8t1HCI23DXUpcM3GVC3h.YSP4RNh41QY369tTVp-sYLhJHWU5pGBF11i72NMom5jfitEagWcptIUjno5IUk0VI0egU8CbVK0A.F2spfbNxbhtec98M3HNyyJ7mrNp6GOFZYkr61sLvV26TKKmWNKlXINM5lSpPXFl.NXWIy77wP1GceOKFuyTQlaAddRvJCUvrCnyUAGAQZHE9jkMiLbk1LEl7OP69mjmTXIKMNC0-hdkdMZfndXSnqCI9JJsj4oHfodN3hkq0APNfvVz85gki6u9QSGWJUmzUqBpnQ-KBYDQ09-XvoT.pAyV2OYHtmu4qUlDk.3MG1O0BTYrGYNrpbcZQpfSsa.1xC7Qahc9DN6QKLINNxGcVylvWzAt-ZchEpsFDvJPXxvqtrYTLSSKQ46bmoOj.gDCVXr1yJL5eoThECoyoejbnVgmqNPxtYQu1VE6BAufTbFmxLyhd30wWa9PniNM1lVXcNRR3gHsWZo.wCf2KYLqOTRSlaItSmD.s0veXpKV1IRO-FzVBThs2ucnPgdcjmyTcqmnvnAtrFK8gaaDcSkMpS0YBYma5QcyU1DjWQqsUV3LlmaOFstH..W4BAcxJS-0yq-oXOYfiiWkvyEvT24fGntzx5oKh0YR-D4DX1ohgLFK5KOyBIfxJb7GoO5Ua6-jpoaR8uIoyb0FPROqZd2xy7qPOnKmzaMFDSFaZX7wG09ybsfo.OVaK5sPVcTbTNDPXiopAXOBNQP7cvD9mEGEkwdDt3W7eZk9MYD5be-.L7dNJiK4-Ccq9KVkz4bAYU7Tl74wv0y5rw3PBA6hkYoUaRQxFJUg5P0tT8wK87EqK.6qE2F-Vd3LboC-1dGwY52vFhMzC.IfVQ5r6g_&v=4&ap=4&rp=4&idx=14&sw_check_ab=1,834983105379,3500,,,广州鑫和动漫科技有限公司,http://renhedongman.1688.com?tracelog=p4p,,https://cbu01.alicdn.com/img/ibank/O1CN01cWMOcQ1U3BiC61S7f_!!2993652461-0-cib.jpg_460x460q100.jpg_.webp,2026-08-11 10:34:36,success,
1688,商用街机游戏机,拳王街机一体机双人摇杆台式格斗机游戏机游戏厅投币商用月光宝盒,http://detail.m.1688.com/page/index.html?offerId=1067092852921&sortType=&pageId=&abBizDataType=cbuOffer&hotSaleSkuId=6114070949270&trace_log=normal&uuid=694535806d1c41629a3d87810b180d8b,1067092852921,2800,,20+件,广州宇博益智游乐科技有限公司,http://yubo16888.1688.com,,https://cbu01.alicdn.com/img/ibank/O1CN01pY7KqT1ikc2ec54mt_!!2220807604451-0-cib.jpg_460x460q100.jpg_.webp,2026-08-11 10:34:36,success,
1688,商用街机游戏机,大型电玩城唱歌跳舞机投篮机赛车机摩托游戏机商用轰趴馆娱乐设备,https://dj.1688.com/ci_bb?a=19529&e=x3DNHlfQMfg6D4IqTQcPSmqPxuJLOj46c84eYZzoeP0wdj9ByHehKzDbKc5wNvEcBC1LOxaf9EfmJlgiSqLy9fyayfuRSMkmsCr5hZ8MOm3SIy.PsWkkvlHPYUpnTQJ9Y4kpnU9yfa3vT98QOW.gr1wfw9Zyxp925x39GEZORVAtss1zl-HCq7NPMy7p0skhoPT4dWohe5AweBfVy-1qj-VL2I.KOx5rlH04Pp5HhGDwF6K-Nj7KgXhKdp5eAk2c7YJ-464Zp6jXVGa-PdWpT3ZHNxlb9tMSvoPEeGmPjQT6jrGf1iDyaJprErk8wImtyd86WOCGX5LbIN8K11.-UPjeHbPWZ5aqROF2A6X36dBbp7pGxjYzQaPhLgRV-57CZ.yReRJpUNInp4SyoAHH2YHeJ8wkIbg8PmuUHtKD6TW1fBSqwQRVd75xr1SgdzwOBIw3.eqiHOYqlbGGpgU4uQxjRTiOt8umJRXc2iLFVOWLslaVmEEX2mzxT568oualEOla2i2yI-Pvh9-Z9C5z16NnM09N5S2TOZkGOViMwejz9GeSdIWf.GLopl9pNC.1ju.V49K7tuGeD-rXbXO8OaELrfPqS5LdYQPT5QswHQV63Swp1PFoTmQVV0KH2eF2pYlJi.JBnZ9AOlGMVHe0rLqVdtA-TlKZowbhEvoR9v9UPuVUBrlUOAQoLsdLLLNC-xjYRh89s7161BtTBS4bBXSEZA3o6LE-2-zVrhIPfpp7UOjuVQOl8XMsh2OVF3aS9FitDoGcfv6mQx6tBp-5UwivDZfplzqzsseFkSJ82BpbV.raH6x3Bl-XHHSmkTCKb.6dvg0ddiDQWlOY6fTu0ZuzEArHiqXMtk3SYCpy7lNUgtMYo4QnGGYU3k4AVpyWL-A6sNPWvF2NPsN.4F.2SgvMnAEqVfjJbsn7nZsg7E2o69HTtWQi2I2WlV71Bvn0iBpF-tNuvY6mCat7ml7pt0ojsmeVjB-7dryIImP68cxhU-fVH1VpgZyZ-w72xeSb46Z1XPnMFu0BzxpVoOiq7tQgE7tBtRUDxR-53UpHEiRhIib1QBKZMMGsButQ6baDtJl6mmFaO-cGz5Ef5NEOSwSG5sjCmkIQqWrCN6bJLH6XQPmKIlJL285o39ZBJJ8RgjVN1zr.XXgvGwmRfI4PRqNB3BoSeXVZoEcFDLvoixAM9VPrnjFvI6IAqgFQdpVdbW-YV01hRAndle-QI6S36i70K9geQ0ANZQUxjFoaCpNIgLWOvRy7xsqQZJ6XJJ4V3jn5ogAv5KJl7-89RXiaLvnO9gcgb5.fkkSnc3EUNNM.DLtF4FnWxOo3kQovn6NqhFFoTG2ZN7I74x-UEdR3JdqZiiFp6rTvOtF1FB8KuHen4KR-kJl1cC10cjXIIgxtcRQJH-t991CrZzI.Bs.UbVEUMKe.tpCw7i8fO0D32mmXqrkfX0e3-QZmdBgpyZqI5L9qMhmJ.gcJthv5xV4ujUCiErrKDgDIV50LsikO8tSBI5-DVNvaj-NIty4IHBatkPaMqOocjUI7ic48DMHFARRTFwH4iITWPeRrOJiQatpsJbTDMATEKRNY4dU8hrUBSFwrTnR7QNeoroAEiasiNKKRYJ3QOd104F57b7UuHCkIWZJRC.NX8MP0hDkjIfTcWmlfWOOuKypcsNaEvhVGVBEv8s0HVDCwhq-bS49kf96iVN1YjZkGRwRr9PC.XJomutejaZdPDLWQxLK8oC8uysWM0BzYBeZwSjRsup-iWZDn.1K3ZMqHuxAoG1BYaWL4pvuD-KsBW-SG2TOH6nM3TsLlL-VnUPHC4fh7hCw2UXfDlGQAdrWwLOyy6ALuPCG-gEp0VF2xEGSPo5uX7Gia9RSFZJdvNfbtC1mp.PF1IrF9IV5D2vE07lyRRmCt.BXRWlYn2bh221BAJzLm3OxlRZA1gG.JU9Ei5d6DznhhRacTJgH7RX5luciqUe8bMuOwPHoBqkiwV991FXODhJpl8X2pFegFm9UHbhQcglLH6A33LSoeBRiBwg__&v=4&ap=9&rp=9&idx=16&sw_check_ab=1,588233251490,200,,30+件,广州雄之业动漫科技有限公司,http://gzjxgames.1688.com?tracelog=p4p,,https://cbu01.alicdn.com/img/ibank/O1CN01ela7Lm1ySK1fxwhrE_!!2290776577-0-cib.jpg_460x460q100.jpg_.webp,2026-08-11 10:34:36,success,
1688,商用街机游戏机,文审弹珠机批发怀旧弹珠堂游戏机商用投币售珠机文审弹珠机,https://dj.1688.com/ci_bb?a=19529&e=TKfUvqn23e46D4IqTQcPSmqPxuJLOj46c84eYZzoeP0wdj9ByHehKzDbKc5wNvEcBC1LOxaf9EdlfYz4pQlRfptK8xbdwFg66vtdsdLXNNR71zOg6TjYVA2c3wBWsT-ioQZyXZwkP5Euij.OZ642-mzkTdFKhYVcSJqp7RGq2kvl32hdJ-Lzz0AtemN7blyxbsQLlUdXEyVnRNYawuQw33WlcOzSSlmiKOv9..pFjNJl5akjsEvUSFR2zOgRIx9Ozwa8tEJKhpFmGA4WA2Ew59L9v.8cW-ppN9wVqMW7hlg-LX-mWfbYyGAT0HollCbMzX94ro2pDohzkgRUEfbkBxGXvfvGOKJl4fcqMaMrchiFRYSGFoXq3m1-c6VmgCKQ3Ak-pGfZC67vQJXpeee0dkGh48pofUy-APwBtO380IVPrZWeeKd1ATTlSNjaSSitCiaCt2FIC5VhXBd-LCec2DopV3JB4ycx8Qkj4IsdwgJAio2ZyEzzprJ4i-9PfrzGlkNEsRLVHpusHPWs9naGbPvyAtTYvgdRkoGayTeSHahR5f.y6VEd-FFGzG87PP3RWBbtUcCITSWcNy0z-T8YvPkOqmQq61-I-dLG938zqcushdT-1dV1S8Dm0GagcJTBJD67Xo8Wyszo3LPKDAtPP5tJtbPt89Pl52R5ujFkeO67sNayKccNImZ30ioaRibbOwi019IlvsqwslQEuZNcKHrPmVUMJ13nCeebwnyd9YN9khz-E0BeH1x5c4BAOy.4OUQyQXYou6gHl9ofwce.sZAJBT-75uwfrM4wyHBk-U5JimzqrGtmdq.YAStXe7c2XKzFoCvMstyhsrvNyYZbi04NiCTSFbVwHs4GQOCMMGJ2wsnF5NOZ4euSbi.RJtSjoa.8nviRjwYb-VjnMPTKcXqR8eARFt1htzcphXACvlTHsPtCk3Zv3TwrxN1RilrkvSCbc89y635dU0QlQu3LgwUoRBPvEYbSHNGaXXKZzJAwgl9XuhPDHd0NsK4Ns0GFZKhK6HdudI-Oxq1641klF.eiuBxhTTJgwofLGfMmCZpNSgHf78mESh7DxwO3kFZ25s6aGXAPQzEhcrQfhcuIJjrOt7sSHIXcWuchxIVy-VMyMi-pUj2CiG13BjPQ0hYiASe.QSNEkGO8sdzhWCINI2IKCPFT7t9SlNxk0T0Klqm123b2FOgeDkoMXG4J5Bw8BVqEx5sluz4hSWJMCfQkCq8X.ouoLH5DsGXA-kYDN8tyO0UiZLMLpMEk8dz4hElX5AChJ6RWkIT76whZusdsc-rhcskBbXkKB.Ucj7u0Pzwnhgrug3Owt1fl18wOzkn9B1vZH0T.w7l2R3wEHxmNnGMKjn6RUClqKrghNf8rzlbUUOLc.zdEPgPbFJ1SiFdKQFD9EPt9-EQEPJeDahHixpBwZei9KL9POfk7Bo22JkHT2DMBDawqXm..qCXVOCOhPYQmlvlVjXk754qfjblrjZxGyUW7WKY1rIczb0xd0ZXXTpW-JjXv-Icg93UL9jTlHOYid-KXF4dUtN1XE5DMZ23zL.pIwDXF3Rh2gzug0CL2tV70F8MpKoig6DNrphevj8VS-o4TWs27GlZqp.83-xvIVfWZ4EItFXK7ky5cECFxILhJ7PVtQHmsxl-vIIlIUh18QkKPsXQJ9dyZq5hB-55rbWZu4v-UGIGZ9.56lVHfh.C3MseW0X6.g0zDni-8f50.ILhch9TYqSC267z9AByoSBYJ84iortJGLIPevWGWhThsWPAJS85o3WxlRaRKkTScBGNPMS.n-eF01TL7RB1wFgtS8yXEb8isNhf4ZfwbiqEnrZODc5h1MGJtOImcVP59nDnDSvMEZ0VRS4T.MQn49dsRkBrr0XjgOR8M1LvawtvA446MH.FerbojiYBnjf-vyVsvbgfxw--HlPurMyRV-tIxYKe-T5hX6dMg.mmPRYPy.PTmAKjn7V31EIJbm1o2-o52C7jrR7jUqrf5EdZiLD9jRP3E2jE400qE-AZAN57WEy67I8PEIsRGObd1&v=4&ap=4&rp=4&idx=17&sw_check_ab=1,567715968270,750,,6.2万+件,广州俊浩游乐设备有限公司,http://junhaoamusement.1688.com?tracelog=p4p,,https://cbu01.alicdn.com/img/ibank/O1CN019DvAJU1Kgu0OzxBnC_!!3416671194-0-cib.jpg_460x460q100.jpg_.webp,2026-08-11 10:34:36,success,
1688,商用街机游戏机,大型电玩城设备成人街机赛车游戏机开车双人汽车动漫城投币游戏厅,https://dj.1688.com/ci_bb?a=17201&e=xBjlqIKmc1cTQk-BYsq0hKASZOZWuVF0HDcmTC-YwKXQsjUfYW5zwsYQvEDIH-9uPN2L5M8XUn0s-Yx4FLJlcR.Pe1UMPy-rncLLj5Ly1ZHWclw-Wk9YiD37GMKC93VqCCpe6GXyVQSqG4gKfavJJeAw1vf.ItP2MdzFDewi.s89UHGLXjqwwtj0x4n.M0mog5GesFGqfxGzlXnxx8rtySc7ctcuuAE.oDyf5Ng64Z-yR4FXtYBh7jC8FWeeVgui4ct0ROaUSXpRRafRDBFrFFIolp23GxrqeLFVLMh54b1bo-GcxIftTydXjcHYWGDkWeGt4.XAvQamW3z-aBltHdKSXtCSnAPK.uuBQpzpeiVqo4Lux-4oOGgMZwY5snu9KCdf1q-HUl0W3U1vWIcU4PFKs8ottJ6wfCCjIUBzlmcZDB02iKxaSQLudLk1dw7dwo3vRMALPGFM0WhwRNexiWF4mkghpQDvKt6XkQUwP3GO1oD7rL0rcGJZ1Y54K.zM5lNpelD.jfMezkcUzLhRaUDJPIwsNXRR8Ln37blhRTOejSFaTzQtuktpxz-V.HfejHub7bhX1lVfpgpUAP.mjxXiwLIdB5vsjEqOymaubN7IXLaGW3fXqHGPgRn4hIp3AB5WUS9iST9hfrp0RN0wydxYAXxAM7h9-4kDexqp9b7E9QGtaLt45r7tJKJe5CFua3jzOAq7Gop6rlLmGyk4AnxLtGLUz3wcRoQYp8lwCuoBhkV5mOJLa-alkYGMHGECiroP2rYnz-Apmx7Dmb9HVg4FymHOhq7O2t6AHgYWaebJJXQD.Kg3aPTzLVs6evCThCSNcfD9QeWGCYdhqAl5blNzZykgFQ5YBjf6jjl7FoLO654hKaHHZAHVnuWBzwPWTUglWnI83yu.wBe-8TMsVXQB93OQ.6WOT8VpEh2urVB2UJF2xU61g0QNzAJbALg0d-FjogB.nON8kIylPTCTJZ0-8h-eMoniVgITl7b4dMe0tcy3xs36Cpm-Jgv1mWZcWPAGxD-jFKgONIjaGsCWldYwSfWweV17C3AJlQ-YJeBFezFosFyyDJTIt36iZK89OrUpklJgkWcF-TqmOcoaQpZuuRxTdytiqXMoFVuY5QvtaZ9csYyY.sQ1KRIZEus7uxlUtEWHH2nJaMKtRZlqQ1ZeE1aw8Xs9zZy7NUPHtx-2GeLF40M98ztdndoEkfHNo88B14Bkm-AgDnDNpR91BnPDQtSV0rVkgnC-Xfclp0VtjvjenSpUPmjslxrBdt4cIcYdd-G2yr2Dp7MwOecrX5CC81MA2zXZlHKGDZWe-Mdzh2JBNhZBscMq1x9o3Z.kL4wXrJxg6dx72PO9K.BlcGBL25g7g68M8gKg7t-87kr0ql1TT22ay7n1g1ACb4.RVEQMH-QJayj67W.5A1YuZvPPlJgDNrSje.XrqxxxlreEMZiUUWXlcCJECjFAdIYrv4WNj.iEsOlfyCJ6vRXXqTNM1czKFZmNrRTjH0iHZmL4fhudIaWpql.VUmGNOIPkyx2wNK7SciEs2I9Pq2wSYpoazGsEwGaVG9eZhPl3.xsggUf23yNSjAtVrnxHs3h9KeoeZpV6Ms4kVacrCM9qt03T.qyG23f1K9YqG1WT.TCluXN4VOB9YL39psJoMqIW7vJIeU3U0XnNRQU3C6berajUGWI0NjAqDYMKwAsgLsP2A1zy5Ctv1qNQh3F4nyT-FfBMXYJnANLsO.hGF2ZnShUMba9p9mdmFZIt.QHJstYwPzOJ85yJUFxIq6bN6P4clfXL6hj55vr-VDFItxMES.qWRjq2Jqb6IWF.5yq-7n3A0lv4ZrvdusZUP1WSK40bArXwuKPDLDIJsWmKf0FOyJnELTdE9-7euSdiTryqob01nLgHvAyTdbeZdu9Me9vXrFxM1eIxL44AewR9THhvWyDL5Psix1QxELZZm-BZpUmxkcwZa4kM-ITAG1NyK9TWGqFWyFtkDiSyPr6fDwaSy.T8AS4-wZu71RblV69wMs-jZOOA5XxzPvOs-onv5.HTR8HnHVmPI5s_&v=4&ap=5&rp=5&idx=18&sw_check_ab=1,844193527079,320,,全网40+件,广州艾玩智能科技有限公司,http://aiwan8.1688.com?tracelog=p4p,,https://cbu01.alicdn.com/img/ibank/O1CN01MyY5uG1xBXnui1t8Y_!!4012546405-0-cib.jpg_460x460q100.jpg_.webp,2026-08-11 10:34:36,success,
1688,商用街机游戏机,大型格斗机97拳王家用街机3D月光宝盒投币街霸双人摇杆液晶游戏机,http://detail.m.1688.com/page/index.html?offerId=617851786431&sortType=&pageId=&abBizDataType=cbuOffer&hotSaleSkuId=5196985607661&trace_log=normal&uuid=694535806d1c41629a3d87810b180d8b,617851786431,1300,,100+件,深圳市龙岗区龙腾飞电子商行,http://shop7395n1915pp63.1688.com,,https://cbu01.alicdn.com/img/ibank/O1CN01omrj7E1FGGYXrBfez_!!2207792290459-0-cib.jpg_460x460q100.jpg_.webp,2026-08-11 10:34:36,success,
1688,商用街机游戏机,32寸商用格斗街机双人摇杆投币游戏机月光宝盒拳皇风云室内电玩机,http://detail.m.1688.com/page/index.html?offerId=1069955047738&sortType=&pageId=&abBizDataType=cbuOffer&trace_log=normal&uuid=694535806d1c41629a3d87810b180d8b&skuId=-1,1069955047738,2500,,,广州市番禺区宝贝熊游乐用品店,http://shop2695j923w6j96.1688.com,,https://cbu01.alicdn.com/img/ibank/O1CN01NyJfQx2CfW71NuDxH_!!2221185238501-0-cib.jpg_460x460q100.jpg_.webp,2026-08-11 10:34:36,success,
1688,商用街机游戏机,拳击机景区广场户外拳击街机拳打脚踢耐用击打设备投币游艺游戏机,https://dj.1688.com/ci_bb?a=19529&e=rBQ6BcS1REE6D4IqTQcPSmqPxuJLOj46c84eYZzoeP0wdj9ByHehKzDbKc5wNvEcBC1LOxaf9EfulDG8DJGOddFWMhalnZlNiTRlfYHEnXXodGnKjuzmCw2c3wBWsT-ioQZyXZwkP5Euij.OZ642-tZN2uK2a9YvWgJCh4ciDoadCuz0cONTPk8sOMcIkmNNXz7KETRkFJcVVkCOAUcdjWSapUPQwxY2W3E3nJo5euuqyqTGbKqqRuxdwUEmPxiXQoIfBJ4SnMPBRkFULpuQbiii9QNoyX9Sad1S6FwP70fZcDahROWZl9zJzm8ZN1HbAZoCF9ETAja1ada61cIzuduPVH3bqD7jiFQFuJWQGkU5-axZ.ZCI6T2JRuvMXacFqrA6tpWE8kofH6WtmzR-IjV3LeKVbd87AO6AgFvzTUC2GwKHEiyB-6GkgqI8uRWAgrG4U-BWQju3SZ436dxqcuxutR2CVaWXv115t-.SRv60YKCnOfioRzKICuzL2KCXDW51lpkpx-1Qv2auzRTn-uMuePK0-eq8Lv0r0p7Ho.3Uv3Q0gdBMjXKCzlDhmVKgAD0Y4vgvnvT.o8FvkNTY0c1gdnOrzZDtV8WLT-EcCYxapMF488Ena-BxBmDUk6ZNg.MqCaa1PglKVWOIMt28BT8sb0ykuIA03jx3OqD0xPP5Aq25oUzJ8avPHXH3RmgpowmcaABTscA3gpZFn6nGf5LzuBohYlkyv6I5AxP5uInSHQsWAYJWkPSB2UbYBs7nrYv.3fqtJbhedeXnt6ScjUwqEZ2vm.PcFwYnQcL3ArTFzZjZQWeX3YqGNrYCLTHXHFt.ndD7J98o9J8QZaGpxCjncVPdxhacGkFL3wFnMXSVxK.qyG.bnAZ4wvtRCWU-0vLBpOs6.alLELtPP5ge57BEhjPTFo1wQs5FQ5S5ws7ugqt3-CcfXGyVyn.xzaYtpDTEfUO9NOsXLf1PabSke78so.IezumZv4Iv4XN2fB-r30pcxfxjVvS50ARqbTE-6.h43gI8jC6WPIWR3ywLgPakLwOgVG7In2f7ye2HgDPU5c00b5yzsPdrb2DxK8KMunjo1LtkYMRGuhRcxZhRVLsbB.LQR5RzlRhVXHZ7YhPAZ-eTE8oPVcs0bKU.Fyt3BKCkL8IibG.DTlVYAW9U4qoih0xur1a0tk7Fg5cjmUHdszYNEq42Waed9k-J-HAOZBzXxNw0Lv0SPSl1KYPKWYXybXQEc-22ATu.vpt.wsLP.EKw.Rae1dz8LRvhcgfJqlrBjhO.YWf1gMNBFKZbqCF-rHtjQ96xP2ywFboo9s...ADwU6mmWsdKDwZb4BLzf.ZYffwhHYxtvZ5buOSVOvgBhFW1-cL0oN.sXaKIs6x6M5isc6lQARcxTuyQyr042yCADa.7sFaxLwwp7S1qICARsfFerBW7scP.efzAjCx2CMCSa5VALi05RVBg16Lwz5aXqRG-EJUIda5vD0b0uN8vsXKXBe4hYyL0-ZSwMgMDVvWmilAfI3TzBqgdaGjujG7sR595-4sr9-108Vl7dL8DlHwjTlmFb7KU3RTQggyPbfWiscI7XsOd-LUshdTY.0Mizg599h-9D.-EHEd3e6Ai7d7LdWWhOtEOLejQ8JavfpVzXHfqyAqJ7AtcNvyKJJoyjPyTEveW0iDG6cZwNeWqm6OPmhutJACnQS.y3DrdZZDhIE8GPDGLYqkulA8QlgYfSLfcw-d37wOX7vZ.bFCWJ...Y1BrdzAZf3x-JMHn-eF01TL7RKmta91VDjisQUILoZTfDsiu0kYsg969YWYd5bxNI2cn-Aae.BWxV7x6007HK.rmYBnxxOt-vFLVwUygZARQEjWqx0zB-wa3aeYqju.3745fMPBxItDjvIOnSWK9qJ59Meq-ipXoGu4saT2LaUOKx5S6vDj55Q5Xa4nSMC-MU129voTmFZ4PiD9l8OMfhcGDnHvwci5gKFr-WG7ODqc12TSS5OtryfsqnZtaNvqOdgu46DLWZFwFsk.WYiw.Y0T9xNoxONNKhPgGXxNKMqclL.qDHu5xDWQizQ__&v=4&ap=8&rp=8&idx=21&sw_check_ab=1,1059579496794,940,,,广州呢呢熊动漫科技有限公司,http://shop1490720662675.1688.com?tracelog=p4p,,https://cbu01.alicdn.com/img/ibank/O1CN01aUfMzK2M45th9IVzr_!!3174689773-0-cib.jpg_460x460q100.jpg_.webp,2026-08-11 10:34:36,success,
1688,商用赛车游戏机,体验馆儿童投币商用赛车游戏机 单人赛车游戏机 儿童小赛车游戏机,http://detail.m.1688.com/page/index.html?offerId=627329634454&sortType=&pageId=&abBizDataType=cbuOffer&trace_log=normal&uuid=f923f46fb0bb4607a5f9872ac0a4374d&skuId=5863418700955,627329634454,880,,,广州领宸科技有限公司,http://shop01219r028x733.1688.com,,https://cbu01.alicdn.com/img/ibank/O1CN01hv7XC91JInHKoeuGV_!!4069151006-0-cib.jpg_460x460q100.jpg_.webp,2026-08-11 10:34:36,success,
1688,商用赛车游戏机,VR摩托车赛车模拟器电玩城商用驾驶体验馆运动潮流设备VR虚拟现实,http://detail.m.1688.com/page/index.html?offerId=969885053802&sortType=&pageId=&abBizDataType=cbuOffer&trace_log=normal&uuid=f923f46fb0bb4607a5f9872ac0a4374d&skuId=6084430411930,969885053802,37,,,广州芊萤科技有限公司,http://shop267jio5177142.1688.com,,https://cbu01.alicdn.com/img/ibank/O1CN01txixK91aFuUzw7c8T_!!2220341883301-0-cib.jpg_460x460q100.jpg_.webp,2026-08-11 10:34:36,success,
1688,商用赛车游戏机,源头工厂VR赛车模拟驾驶游戏机商用游乐设备极速体验,http://detail.m.1688.com/page/index.html?offerId=969209446965&sortType=&pageId=&abBizDataType=cbuOffer&trace_log=normal&uuid=f923f46fb0bb4607a5f9872ac0a4374d&skuId=5917387080373,969209446965,150,,,广州芊萤科技有限公司,http://shop267jio5177142.1688.com,,https://cbu01.alicdn.com/img/ibank/O1CN011upToA1aFuUyupJYX_!!2220341883301-0-cib.jpg_460x460q100.jpg_.webp,2026-08-11 10:34:36,success,
1688,商用赛车游戏机,竞速超越双人双屏动感赛车游戏机电玩城大型娱乐设备游戏厅投币机,https://dj.1688.com/ci_bb?a=3830&e=T0M1YAYj9TcTQk-BYsq0hIee02bidSLYHDcmTC-YwKXQsjUfYW5zwsYQvEDIH-9uPN2L5M8XUn0s-Yx4FLJlcR.Pe1UMPy-rncLLj5Ly1ZEG5hZgejmj1z37GMKC93VqEiT00B6uEjjaizkyga4Ef1CRcxoWKFAPs5HOUJQ8qRBgzdyJ.UoEiIDaMGzR8FfPT2u0VBSkr34mqDAo0NIuz0pylbENMrI6oDyf5Ng64Z-yR4FXtYBh7gccxx-FmL9ok3XytSQOAKbm4qaAAICvBVIolp23GxrqeLFVLMh54b2Ru9LF-vEmI0cegN9Lq-odN.MPfLu08k6zhSCoTQyKM6VFLqFX0juzpSY0Y9LIULNdxueVLOTOsWgMZwY5snu9LGj3vrrUTAih8LuyHvdEHgeN2NKVkzJvfCCjIUBzlmcZDB02iKxaSQLudLk1dw7dwo3vRMALPGFM0WhwRNexibSHOmstMvV6Kt6XkQUwP3GO1oD7rL0rcGJZ1Y54K.zM5lNpelD.jfMezkcUzLhRaXe9gSSs7Jmw8Ln37blhRTOejSFaTzQtuktpxz-V.HfejHub7bhX1lVfpgpUAP.mjxXiwLIdB5vsjEqOymaubN7IXLaGW3fXqHGPgRn4hIp3AB5WUS9iST9hfrp0RN0wydxYAXxAM7h9-4kDexqp9b7E9QGtaLt45r7tJKJe5CFuEjTRxCAheup6rlLmGyk4AnxLtGLUz3wcRoQYp8lwCuoBhkV5mOJLa-alkYGMHGECiroP2rYnz-Apmx7Dmb9HVg4FymHOhq7O2t6AHgYWaebJJXQD.Kg3aPTzLVs6evCThCSNcfD9QeWGCYdhqAl5blNzZykgFQ5YBjf6jjl7FoLO654hKaHHZAHVnuWBzwPWQFG9UOnRdcm.wBe-8TMsVTitJ-LePwnhY5ivCDdk2Oh2UJF2xU61g41N5zOwjDrVd-FjogB.nON8kIylPTCTJZ0-8h-eMoniVgITl7b4dMe0tcy3xs36Cpm-Jgv1mWZcWPAGxD-jFKgONIjaGsCWldYwSfWweV17C3AJlQ-YJeBFezFosFyyDJTIt36iZK89OrUpklJgkWcXfpXd.Y4-IpZuuRxTdytiqXMoFVuY5QvtaZ9csYyY.sQ1KRIZEus7LY4Wou0AXYsH-Q8MIq5kvFZeE1aw8Xs9zZy7NUPHtx-2GeLF40M98ztdndoEkfHNo88B14Bkm-AgDnDNpR91BnPDQtSV0rVkgnC-Xfclp0VtjvjenSpUPmjslxrBdt4cIcYdd-G2yr2Dp7MwOecrX5CC81MA2zXZlHKGDZWe-Mdzh2JBNhZBscMq1x9o3Z.kL4wXrJxg6dx72PO9K.BlcGBL25g7g68M8gKg7t-87kr0ql1TT22ay7n1g1ACb4.RVEQMH-QJayj67W.5A1YuZvPPlJgDNrSje.XrqxxxlreEMZiUUWXlcCJECjFAdIYrv4WNj.iEsOlfyCJ6vRXXqcM6ffC-O0aBGKC7qOrfLKL4fhudIaWpql.VUmGNOIPkyx2wNK7SciEs2I9Pq2wSYpoazGsEwGaVG9eZhPl3.xsggUf23yNSjAtVrnxHs3h9KeoeZpV6Ms4kVacrCM9qt03T.qyG23f1K9YqG1WT.TCluXN4VOB9YL39psJoMqIW7vJIeU3U0XnNRQU3C6berajUGWI0NjAqDYMKwAsgLsP2A1zy5Ctv1qNQh3F4nyT-FfBMXYJnANLsO.hGF2ZnShUMba9p9mdmFZIt.QHJstYwPzOJ85yJUFxIq6bN6P4clfXL6hj55vr-VDFItxMES.qWRjq2Jqb6IWF.5yq-7n3A0lv4ZrvdusZUP1WSK40bArXwuKPDLDIJsWmKf0FOyJnELTdE9-7euSdiTryqob01nLgHvAyTdbeZdu9Me9vXrFxM1eIxL44AewR9THhvWyDL5Psix1QxTzUu1kGxqZasAq7tfCKmAIjC1aMyyHjzzsxJRjyF5nP86NKiMJqIdNkbOuKBfPXw4Y3DvsB.nfmGf8uj2VTp6EpNiHpfsFQ7sQvtUsAJaT4_&v=4&ap=3&rp=3&idx=6&sw_check_ab=1,1058038960076,78000,,,广州艾玩智能科技有限公司,http://aiwan8.1688.com?tracelog=p4p,,https://cbu01.alicdn.com/img/ibank/O1CN01FxjzTS1xBXwjxo6Ma_!!4012546405-0-cib.jpg_460x460q100.jpg_.webp,2026-08-11 10:34:36,success,
1688,商用赛车游戏机,大型娱乐机电玩游戏机游戏厅电玩设备儿童乐园淘气堡赛车娃娃机厂,https://dj.1688.com/ci_bb?a=26859&e=i5Ww-37ZIjyGAhFGkIGD82T0in3DXPs6bk6Giq1VU2wPdtq-LsW7pKY-TPODmfa5-l-dKXBRwFmEVvpUbcZYahrymaX3zlwmdtrTuHg-VTm72GHlcszgBxHSXmU.2NoVBDLqtSZ6FnwZUEoKqHLa2PC6yr2v5pZ19LIRdDpIa2WWUCUmrknRP0h1jCHCHrwui2MScXSCz6MNDT9Lhv67ZBOodSZdKqIR.qm.3ggvD5vTrmFphWa36IKZ3lhM76pXo35XHYl4-ur4Uw.YwboUMo52nNafdyOG4W9lfkMxkGAQO.pDC0db-6lUvR8sluNWV5t5JAkXKNA0aFiaIgbgv6bElFEfkIAyGYMQUwBadMHtcxVHkzzUQ0zFoHIJsZlvbiq8jOtjExnB40CIXhgM0bnk9ullMAqVEpUYW1Uz-rT9kUv4zx.SF-mjGppgBNMKzZYiJogAnyxqqSMpgNiQqT6baL7k0ZnA0GaBgckcHJBgfTyptUUI54ZwSMK8M8xv9HCVTatxQuYADjuSgWfHPZuCtNK6YL.RXllDy8MZzVSUK1LfAONmd.jtioO3piVUQgL2alpae9n0w2iuSHYEbmwwFxw3zNmNs4CqikVSwAfjT7RxsJ4e1WQwSXaf2T8sIQNSvW1g6.R0UprEYg37TLBfjBa5Lk8PyD55SB.lf4tYGreF4oE3rA0kSEfR.mf7eAysmTGOqVLJoppgZbP4L4PuWFGBA8p13XdT8VWEPM9AzZI1BwWYK4wAXKD0p1i5Bewvc1ehd1CdKxbQfdm-jrECeDRLY8rwPWoZ5AkVh-tE7iqayBosoS96Np5qgKnAmudny3ejPwu-lxMw51m4ykg4Bev6Jqjv5nPTH2G1O2vDEWvT.8MYU6QZ7gpz80mz5TWO.QDN5M.iVLs6F3y7A4VXIpTyBLwbtSP-.uY21fPhzFcWLU2fI.Jb5drZpO.XcCzr2-Pf1uVADd2PTj1JHorTNFRo0aMrjl5LXSa4jyc3LV4q93IVaOMkJm3FZlyRa1hp7L.scplmFX4WHP2Ys8fV09wEOVzVsUzRiUNhfILWyoqBg61uMF2lTNo5GiI4eaOcJ1X3T3nqPH1BKAO6iZCsBbHUvKkHZK6DpJI69SqIHFZhEHpo95E4BCYQZhqXewuNcMwRpFSPOcVoVH7IJQZbKMgLxsHaqZmtcOr8C14BBzr9lgoGbcqmpxCbLlJqiE8yLwWWvIgDhTNavot8KZJceA17sqhyIaBgFzyBbVRg3nZ-RV5umlmk4exF2BbsnZFD2Vg.G7kLb3o1EeetdHT9In-atibrYNVXAjbOIOJzomzfpU3vWl6x-8NS69lzswUU-TbjY3wcS-Zy6kcguCQBSu3ctvvnTsKUxumKlW.CJ.1YDr-yEqdu07Vo5hoK.hvn4ndC6VAYVh-OTyJpmK.aBtzHNyH4d57Ilq.1.mE.5nELn5BVDPdcvN5OiIjBDuFvOoLaMsoru6sapeRMj30I3XtWtBk.1Jy0Uub.dHxaXRYZ1kPaeFDjtZJ0pjAobmK1jn.Xyi4fw4X6o8FCQZkpaFqhL1Mj-e2h6UqYdDipSBKOnaEmFOKNp3mwL3pmTg-USVhC-UPivS8UHp3n-wuYpbtusxAY8c4r-zkhAXNZ5iEeKtXI3a3JoJ11hDMs6ixPcI-MDkAd9JZL-YUWtx2.TV2r3DVNfXIKz4OfeX4.gJFvLKzdvOG-LYXiUZSWlOmA4Hpyr2j8.EWENZRYOogRrtr9aVjVw3jVf333brb-kXR.nrnR.TgmXYV166O3s1JBvCwFvqTih3j0fLRB-OW7f-TKo33QkNe5rbUmOqTrQ4wFlh5KDlQA3lTpBsgTVhF5hGnonEAT5TjCYxT3H7772EDOUofnoID6pG6RL7GHnJ-Whas.lDani6gnboofQtNM8Lp-pA5A9X9E3m6Eu7I-1OhD4wAWmgPVAoKNvS9iBefQyb20WYsdMw2NZBrEnQdgFfS.Ck4yN8I3Ev5A20VbRfE1I0Yy-k8zB1-WIU1TaC2QpuM867KkFx02UWE0s-pyWW.3qK0_&v=4&ap=5&rp=5&idx=7&sw_check_ab=1,1049076588367,500,,,广州米你动漫科技有限公司,http://shop7u72z2e531294.1688.com?tracelog=p4p,,https://cbu01.alicdn.com/img/ibank/O1CN01XKAEUt1anLSi0zxD3_!!2217097913374-0-cib.jpg_460x460q100.jpg_.webp,2026-08-11 10:34:36,success,
1688,商用赛车游戏机,眼疾手快商用小游戏机商场摆摊暖场活动抓棍接棒挑战活动网红游戏,http://detail.m.1688.com/page/index.html?offerId=1068128968220&sortType=&pageId=&abBizDataType=cbuOffer&hotSaleSkuId=6114716048594&trace_log=normal&uuid=f923f46fb0bb4607a5f9872ac0a4374d,1068128968220,1750,,10+件,广州宇博益智游乐科技有限公司,http://yubo16888.1688.com,,https://cbu01.alicdn.com/img/ibank/O1CN01FiEpFm1ikc2fuy7Qr_!!2220807604451-0-cib.jpg_460x460q100.jpg_.webp,2026-08-11 10:34:36,success,
1688,商用赛车游戏机,动感赛车摩托电玩城娱乐设备游戏厅商用儿童投币游戏机VR赛车机,http://detail.m.1688.com/page/index.html?offerId=1072181774186&sortType=&pageId=&abBizDataType=cbuOffer&trace_log=normal&uuid=f923f46fb0bb4607a5f9872ac0a4374d&skuId=6122593812680,1072181774186,100,,,广州泳丰游乐设备有限公司,http://shop176z106mq0002.1688.com,,https://cbu01.alicdn.com/img/ibank/O1CN01PDvuSV1IpYJ1chua_!!2216360409296-0-cib.jpg_460x460q100.jpg_.webp,2026-08-11 10:34:36,success,
1688,商用赛车游戏机,双层商用投币扭蛋机 商场影院自助盲盒机 儿童玩具礼品游乐设备,http://detail.m.1688.com/page/index.html?offerId=1068503944258&sortType=&pageId=&abBizDataType=cbuOffer&trace_log=normal&uuid=f923f46fb0bb4607a5f9872ac0a4374d&skuId=-1,1068503944258,3500,,,广州市番禺区宝贝熊游乐用品店,http://shop2695j923w6j96.1688.com,,https://cbu01.alicdn.com/img/ibank/O1CN01fwfPii2CfW6p5gIfO_!!2221185238501-0-cib.jpg_460x460q100.jpg_.webp,2026-08-11 10:34:36,success,
1688,商用赛车游戏机,动感模拟赛车游戏机大型商用竞速街机动漫城游乐场体感赛车设备,http://detail.m.1688.com/page/index.html?offerId=1070795509384&sortType=&pageId=&abBizDataType=cbuOffer&trace_log=normal&uuid=f923f46fb0bb4607a5f9872ac0a4374d&skuId=-1,1070795509384,8800,,,广州市番禺区宝贝熊游乐用品店,http://shop2695j923w6j96.1688.com,,https://cbu01.alicdn.com/img/ibank/O1CN014WIFEM2CfW6yJWmT7_!!2221185238501-0-cib.jpg_460x460q100.jpg_.webp,2026-08-11 10:34:36,success,
1688,商用赛车游戏机,商用双人连线模拟赛车游戏机电玩城投币 PK 竞速环游赛车体感设备,http://detail.m.1688.com/page/index.html?offerId=1069455314490&sortType=&pageId=&abBizDataType=cbuOffer&trace_log=normal&uuid=f923f46fb0bb4607a5f9872ac0a4374d&skuId=-1,1069455314490,12800,,,广州市番禺区宝贝熊游乐用品店,http://shop2695j923w6j96.1688.com,,https://cbu01.alicdn.com/img/ibank/O1CN01zdRwwM2CfW6xbUQjc_!!2221185238501-0-cib.jpg_460x460q100.jpg_.webp,2026-08-11 10:34:36,success,
1688,商用赛车游戏机,三屏赛车模拟器全套设备汽车驾驶大型动感游戏机潮玩馆大型商用,http://detail.m.1688.com/page/index.html?offerId=940009935965&sortType=&pageId=&abBizDataType=cbuOffer&trace_log=normal&uuid=f923f46fb0bb4607a5f9872ac0a4374d&skuId=6239340738279,940009935965,10,,20+件,广州乐骅动漫科技有限公司,http://shop7d03j48854i37.1688.com,,https://cbu01.alicdn.com/img/ibank/O1CN014THdbK1LmgfoiSJQe_!!2213351911342-0-cib.jpg_460x460q100.jpg_.webp,2026-08-11 10:34:36,success,
1688,商用赛车游戏机,电玩城游戏机娱乐设备游戏厅大型商用推币赛车摩托游艺机整场定制,http://detail.m.1688.com/page/index.html?offerId=1070816930476&sortType=&pageId=&abBizDataType=cbuOffer&trace_log=normal&uuid=f923f46fb0bb4607a5f9872ac0a4374d&skuId=-1,1070816930476,150,,,广州美吉思智能科技有限公司,http://shop0580i336203w4.1688.com,,https://cbu01.alicdn.com/img/ibank/O1CN01ypdWXg2AZRd5ptzR5_!!2218601128217-0-cib.jpg_460x460q100.jpg_.webp,2026-08-11 10:34:36,success,
1688,商用赛车游戏机,大型电玩城游戏厅双人动感摩托赛车模拟驾驶器游戏机投币商用设备,http://detail.m.1688.com/page/index.html?offerId=1057998308801&sortType=&pageId=&abBizDataType=cbuOffer&trace_log=normal&uuid=f923f46fb0bb4607a5f9872ac0a4374d&skuId=6097950712230,1057998308801,100,,,广州乐跃星游乐设备有限公司,http://shop47077t9166y86.1688.com,,https://cbu01.alicdn.com/img/ibank/O1CN010p6CYi1x4g0OF5uH6_!!2222225006390-0-cib.jpg_460x460q100.jpg_.webp,2026-08-11 10:34:36,success,
1688,商用赛车游戏机,超大竖屏型游乐场电子动感模拟开摩托赛车游戏机投币商用街机设备,http://detail.m.1688.com/page/index.html?offerId=1071324227957&sortType=&pageId=&abBizDataType=cbuOffer&trace_log=normal&uuid=f923f46fb0bb4607a5f9872ac0a4374d&skuId=6122585520703,1071324227957,100,,,广州乐跃星游乐设备有限公司,http://shop47077t9166y86.1688.com,,https://cbu01.alicdn.com/img/ibank/O1CN01mPppiplcNbK2vH2e_!!2222225006390-0-cib.jpg_460x460q100.jpg_.webp,2026-08-11 10:34:36,success,
1688,商用射击游戏机,,https://s.1688.com/selloffer/offer_search.htm?keywords=%C9%CC%D3%C3%C9%E4%BB%F7%D3%CE%CF%B7%BB%FA,,,,,,,,,2026-08-11 10:37:42,no_cards,页面未解析到公开商品卡片
1688,商用跳舞机,,https://s.1688.com/selloffer/offer_search.htm?keywords=%C9%CC%D3%C3%CC%F8%CE%E8%BB%FA,,,,,,,,,2026-08-11 10:37:42,no_cards,页面未解析到公开商品卡片
1688,商用投篮机,,https://s.1688.com/selloffer/offer_search.htm?keywords=%C9%CC%D3%C3%CD%B6%C0%BA%BB%FA,,,,,,,,,2026-08-11 10:37:42,no_cards,页面未解析到公开商品卡片
1688,商用打地鼠机,,https://s.1688.com/selloffer/offer_search.htm?keywords=%C9%CC%D3%C3%B4%F2%B5%D8%CA%F3%BB%FA,,,,,,,,,2026-08-11 10:37:42,no_cards,页面未解析到公开商品卡片
1688,商用儿童摇摆机,,https://s.1688.com/selloffer/offer_search.htm?keywords=%C9%CC%D3%C3%B6%F9%CD%AF%D2%A1%B0%DA%BB%FA,,,,,,,,,2026-08-11 10:37:42,no_cards,页面未解析到公开商品卡片
1688,商用VR游戏设备,,https://s.1688.com/selloffer/offer_search.htm?keywords=%C9%CC%D3%C3VR%D3%CE%CF%B7%C9%E8%B1%B8,,,,,,,,,2026-08-11 10:41:39,no_cards,页面未解析到公开商品卡片
1688,商用自助拍照机,,https://s.1688.com/selloffer/offer_search.htm?keywords=%C9%CC%D3%C3%D7%D4%D6%FA%C5%C4%D5%D5%BB%FA,,,,,,,,,2026-08-11 10:41:39,no_cards,页面未解析到公开商品卡片
1688,游乐场组合滑梯,,https://s.1688.com/selloffer/offer_search.htm?keywords=%D3%CE%C0%D6%B3%A1%D7%E9%BA%CF%BB%AC%CC%DD,,,,,,,,,2026-08-11 10:41:39,no_cards,页面未解析到公开商品卡片
1688,非标定制游艺设备,,https://s.1688.com/selloffer/offer_search.htm?keywords=%B7%C7%B1%EA%B6%A8%D6%C6%D3%CE%D2%D5%C9%E8%B1%B8,,,,,,,,,2026-08-11 10:41:39,network_error,"TargetClosedError: Page.goto: Target page, context or browser has been closed"
